max_watertemp_c,qualifiers_max_watertemp,dateTime,mean_watertemp_c,qualifiers_mean_watertemp
14.4,['A'],2022-06-01T00:00:00.000,13.8,['A']
15.2,['A'],2022-06-02T00:00:00.000,14.6,['A']
15.1,['A'],2022-06-03T00:00:00.000,14.7,['A']
14.2,['A'],2022-06-04T00:00:00.000,13.8,"['A', '[4]']"
14.0,"['A', '[4]']",2022-06-05T00:00:00.000,13.5,"['A', '[4]']"
14.3,"['A', '[4]']",2022-06-06T00:00:00.000,,
13.8,['A'],2022-06-07T00:00:00.000,13.4,['A']
13.8,['A'],2022-06-08T00:00:00.000,13.4,['A']
14.2,['A'],2022-06-09T00:00:00.000,13.8,['A']
14.3,['A'],2022-06-10T00:00:00.000,14.0,['A']
13.8,['A'],2022-06-11T00:00:00.000,13.6,['A']
13.3,['A'],2022-06-12T00:00:00.000,12.6,['A']
12.2,['A'],2022-06-13T00:00:00.000,11.8,['A']
12.2,['A'],2022-06-14T00:00:00.000,11.8,['A']
12.5,['A'],2022-06-15T00:00:00.000,12.3,['A']
13.2,['A'],2022-06-16T00:00:00.000,12.8,['A']
13.3,['A'],2022-06-17T00:00:00.000,13.1,['A']
13.1,['A'],2022-06-18T00:00:00.000,12.8,['A']
13.2,['A'],2022-06-19T00:00:00.000,13.0,['A']
14.0,['A'],2022-06-20T00:00:00.000,13.4,['A']
15.4,['A'],2022-06-21T00:00:00.000,14.5,['A']
17.1,['A'],2022-06-22T00:00:00.000,16.2,['A']
17.3,['A'],2022-06-23T00:00:00.000,16.7,['A']
17.3,['A'],2022-06-24T00:00:00.000,16.8,['A']
18.0,['A'],2022-06-25T00:00:00.000,17.3,['A']
19.1,['A'],2022-06-26T00:00:00.000,18.3,['A']
20.1,['A'],2022-06-27T00:00:00.000,19.4,['A']
19.5,['A'],2022-06-28T00:00:00.000,19.1,['A']
19.0,['A'],2022-06-29T00:00:00.000,18.4,['A']
18.9,['A'],2022-06-30T00:00:00.000,18.2,['A']
18.9,['A'],2022-07-01T00:00:00.000,18.2,['A']
18.2,['A'],2022-07-02T00:00:00.000,17.9,['A']
17.9,['A'],2022-07-03T00:00:00.000,17.3,['A']
17.8,['A'],2022-07-04T00:00:00.000,17.1,['A']
17.9,['A'],2022-07-05T00:00:00.000,17.4,['A']
18.2,['A'],2022-07-06T00:00:00.000,17.7,['A']
18.9,['A'],2022-07-07T00:00:00.000,17.9,['A']
19.5,['A'],2022-07-08T00:00:00.000,18.5,['A']
20.3,['A'],2022-07-09T00:00:00.000,19.2,['A']
20.8,['A'],2022-07-10T00:00:00.000,19.8,['A']
21.6,['A'],2022-07-11T00:00:00.000,20.5,['A']
22.6,['A'],2022-07-12T00:00:00.000,21.4,['A']
22.3,['A'],2022-07-13T00:00:00.000,21.4,['A']
22.1,['A'],2022-07-14T00:00:00.000,21.1,['A']
21.9,['A'],2022-07-15T00:00:00.000,20.9,['A']
21.1,['A'],2022-07-16T00:00:00.000,20.6,['A']
20.7,['A'],2022-07-17T00:00:00.000,19.9,['A']
20.8,['A'],2022-07-18T00:00:00.000,20.0,['A']
21.9,['A'],2022-07-19T00:00:00.000,20.8,['A']
23.0,['A'],2022-07-20T00:00:00.000,21.8,['A']
23.1,['A'],2022-07-21T00:00:00.000,22.2,['A']
22.5,['A'],2022-07-22T00:00:00.000,21.8,['A']
21.7,['A'],2022-07-23T00:00:00.000,21.0,['A']
22.2,['A'],2022-07-24T00:00:00.000,21.2,['A']
23.2,['A'],2022-07-25T00:00:00.000,22.0,['A']
24.3,['A'],2022-07-26T00:00:00.000,23.1,['A']
24.5,['A'],2022-07-27T00:00:00.000,23.5,['A']
24.6,['A'],2022-07-28T00:00:00.000,23.7,['A']
25.1,['A'],2022-07-29T00:00:00.000,24.1,['A']
25.4,['A'],2022-07-30T00:00:00.000,24.5,['A']
25.0,['A'],2022-07-31T00:00:00.000,24.3,['A']
24.2,['A'],2022-08-01T00:00:00.000,23.5,['A']
23.9,['A'],2022-08-02T00:00:00.000,23.0,['A']
23.7,['A'],2022-08-03T00:00:00.000,22.8,['A']
22.7,['A'],2022-08-04T00:00:00.000,22.0,['A']
22.4,['A'],2022-08-05T00:00:00.000,21.6,['A']
22.6,['A'],2022-08-06T00:00:00.000,21.7,['A']
22.9,['A'],2022-08-07T00:00:00.000,22.0,['A']
22.5,['A'],2022-08-08T00:00:00.000,21.8,['A']
22.2,['A'],2022-08-09T00:00:00.000,21.4,['A']
21.4,['A'],2022-08-10T00:00:00.000,20.9,['A']
21.7,['A'],2022-08-11T00:00:00.000,20.7,['A']
21.8,['A'],2022-08-12T00:00:00.000,21.0,['A']
21.5,['A'],2022-08-13T00:00:00.000,20.8,['A']
21.6,['A'],2022-08-14T00:00:00.000,20.9,['A']
22.1,['A'],2022-08-15T00:00:00.000,21.1,['A']
22.3,['A'],2022-08-16T00:00:00.000,21.5,['A']
22.5,['A'],2022-08-17T00:00:00.000,21.8,['A']
22.2,['A'],2022-08-18T00:00:00.000,22.0,['A']
22.5,['A'],2022-08-19T00:00:00.000,21.7,['A']
21.7,['A'],2022-08-20T00:00:00.000,21.1,['A']
21.5,['A'],2022-08-21T00:00:00.000,20.9,['A']
21.9,['A'],2022-08-22T00:00:00.000,21.1,['A']
22.3,['A'],2022-08-23T00:00:00.000,21.4,['A']
22.5,['A'],2022-08-24T00:00:00.000,21.7,['A']
22.8,['A'],2022-08-25T00:00:00.000,22.0,['A']
22.5,['A'],2022-08-26T00:00:00.000,21.9,['A']
21.9,['A'],2022-08-27T00:00:00.000,21.0,['A']
20.5,['A'],2022-08-28T00:00:00.000,19.9,['A']
20.6,['A'],2022-08-29T00:00:00.000,20.0,['A']
21.4,['A'],2022-08-30T00:00:00.000,20.6,['A']
21.7,['A'],2022-08-31T00:00:00.000,21.0,['A']
21.4,['A'],2022-09-01T00:00:00.000,20.8,['A']
21.2,['A'],2022-09-02T00:00:00.000,20.6,['A']
20.2,['A'],2022-09-03T00:00:00.000,19.8,['A']
20.0,['A'],2022-09-04T00:00:00.000,19.2,['A']
19.3,['A'],2022-09-05T00:00:00.000,18.7,['A']
19.3,['A'],2022-09-06T00:00:00.000,18.5,['A']
19.1,['A'],2022-09-07T00:00:00.000,18.5,['A']
18.4,['A'],2022-09-08T00:00:00.000,17.9,['A']
18.0,['A'],2022-09-09T00:00:00.000,17.4,['A']
17.6,['A'],2022-09-10T00:00:00.000,17.2,['A']
17.2,['A'],2022-09-11T00:00:00.000,16.8,['A']
17.6,['A'],2022-09-12T00:00:00.000,17.0,['A']
17.2,['A'],2022-09-13T00:00:00.000,16.9,['A']
17.1,['A'],2022-09-14T00:00:00.000,16.7,['A']
17.3,['A'],2022-09-15T00:00:00.000,16.9,['A']
17.4,['A'],2022-09-16T00:00:00.000,16.9,['A']
17.0,['A'],2022-09-17T00:00:00.000,16.6,['A']
16.5,['A'],2022-09-18T00:00:00.000,16.2,['A']
17.0,['A'],2022-09-19T00:00:00.000,16.3,['A']
17.1,['A'],2022-09-20T00:00:00.000,16.5,['A']
17.0,['A'],2022-09-21T00:00:00.000,16.6,['A']
16.7,['A'],2022-09-22T00:00:00.000,16.3,['A']
16.2,['A'],2022-09-23T00:00:00.000,15.7,['A']
16.8,['A'],2022-09-24T00:00:00.000,16.0,['A']
17.1,['A'],2022-09-25T00:00:00.000,16.5,['A']
17.4,['A'],2022-09-26T00:00:00.000,16.8,['A']
17.7,['A'],2022-09-27T00:00:00.000,17.0,['A']
17.4,['A'],2022-09-28T00:00:00.000,16.9,['A']
16.9,['A'],2022-09-29T00:00:00.000,16.5,['A']
16.4,['A'],2022-09-30T00:00:00.000,16.1,['A']
16.6,['A'],2022-10-01T00:00:00.000,16.0,['A']
17.3,['A'],2022-10-02T00:00:00.000,16.6,['A']
17.3,['A'],2022-10-03T00:00:00.000,16.8,['A']
16.8,['A'],2022-10-04T00:00:00.000,16.3,['A']
16.0,['A'],2022-10-05T00:00:00.000,15.7,['A']
15.7,['A'],2022-10-06T00:00:00.000,15.3,['A']
15.6,['A'],2022-10-07T00:00:00.000,15.2,['A']
15.8,['A'],2022-10-08T00:00:00.000,15.4,['A']
15.9,['A'],2022-10-09T00:00:00.000,15.5,['A']
16.1,['A'],2022-10-10T00:00:00.000,15.6,['A']
16.0,['A'],2022-10-11T00:00:00.000,15.7,['A']
15.8,['A'],2022-10-12T00:00:00.000,15.4,['A']
15.4,['A'],2022-10-13T00:00:00.000,15.1,['A']
15.2,['A'],2022-10-14T00:00:00.000,14.8,['A']
15.2,['A'],2022-10-15T00:00:00.000,14.7,['A']
15.2,['A'],2022-10-16T00:00:00.000,14.7,['A']
15.0,['A'],2022-10-17T00:00:00.000,14.7,['A']
14.8,['A'],2022-10-18T00:00:00.000,14.6,['A']
14.8,['A'],2022-10-19T00:00:00.000,14.4,['A']
14.3,['A'],2022-10-20T00:00:00.000,14.0,['A']
13.9,['A'],2022-10-21T00:00:00.000,13.5,['A']
13.5,['A'],2022-10-22T00:00:00.000,13.3,['A']
13.3,['A'],2022-10-23T00:00:00.000,13.1,['A']
13.0,['A'],2022-10-24T00:00:00.000,12.9,['A']
12.8,['A'],2022-10-25T00:00:00.000,12.6,['A']
12.5,['A'],2022-10-26T00:00:00.000,12.4,['A']
12.4,['A'],2022-10-27T00:00:00.000,12.1,['A']
12.3,['A'],2022-10-28T00:00:00.000,12.2,['A']
13.2,['A'],2022-10-29T00:00:00.000,12.8,['A']
13.6,['A'],2022-10-30T00:00:00.000,13.5,['A']
13.7,['A'],2022-10-31T00:00:00.000,13.6,['A']
13.4,['A'],2022-11-01T00:00:00.000,13.1,['A']
12.6,['A'],2022-11-02T00:00:00.000,12.0,['A']
11.5,['A'],2022-11-03T00:00:00.000,11.1,['A']
11.2,['A'],2022-11-04T00:00:00.000,11.0,['A']
11.2,['A'],2022-11-05T00:00:00.000,10.9,['A']
10.7,['A'],2022-11-06T00:00:00.000,10.4,['A']
9.9,['A'],2022-11-07T00:00:00.000,9.0,['A']
8.9,['A'],2022-11-08T00:00:00.000,8.6,['A']
8.9,['A'],2022-11-09T00:00:00.000,8.7,['A']
8.8,['A'],2022-11-10T00:00:00.000,8.7,['A']
8.7,['A'],2022-11-11T00:00:00.000,8.7,['A']
9.2,['A'],2022-11-12T00:00:00.000,8.9,['A']
8.9,['A'],2022-11-13T00:00:00.000,8.7,['A']
8.5,['A'],2022-11-14T00:00:00.000,8.2,['A']
8.3,['A'],2022-11-15T00:00:00.000,8.1,['A']
8.0,['A'],2022-11-16T00:00:00.000,7.8,['A']
7.5,['A'],2022-11-17T00:00:00.000,7.3,['A']
7.2,['A'],2022-11-18T00:00:00.000,6.9,['A']
6.8,['A'],2022-11-19T00:00:00.000,6.6,['A']
6.6,['A'],2022-11-20T00:00:00.000,6.4,['A']
7.2,['A'],2022-11-21T00:00:00.000,6.8,['A']
7.8,['A'],2022-11-22T00:00:00.000,7.5,['A']
8.3,['A'],2022-11-23T00:00:00.000,7.9,['A']
8.4,['A'],2022-11-24T00:00:00.000,8.2,['A']
8.4,['A'],2022-11-25T00:00:00.000,8.3,['A']
8.3,['A'],2022-11-26T00:00:00.000,8.2,['A']
8.3,['A'],2022-11-27T00:00:00.000,8.2,['A']
8.2,['A'],2022-11-28T00:00:00.000,8.1,['A']
7.8,['A'],2022-11-29T00:00:00.000,7.6,['A']
7.7,['A'],2022-11-30T00:00:00.000,7.6,['A']
7.6,['A'],2022-12-01T00:00:00.000,7.3,['A']
7.0,['A'],2022-12-02T00:00:00.000,6.8,['A']
6.8,['A'],2022-12-03T00:00:00.000,6.6,['A']
6.3,['A'],2022-12-04T00:00:00.000,6.1,['A']
6.2,['A'],2022-12-05T00:00:00.000,6.1,['A']
6.4,['A'],2022-12-06T00:00:00.000,6.2,['A']
6.5,['A'],2022-12-07T00:00:00.000,6.4,['A']
6.8,['A'],2022-12-08T00:00:00.000,6.6,['A']
6.8,['A'],2022-12-09T00:00:00.000,6.7,['A']
7.0,['A'],2022-12-10T00:00:00.000,6.8,['A']
7.1,['A'],2022-12-11T00:00:00.000,7.0,['A']
7.2,['A'],2022-12-12T00:00:00.000,7.1,['A']
7.1,['A'],2022-12-13T00:00:00.000,6.9,['A']
6.6,['A'],2022-12-14T00:00:00.000,6.3,['A']
5.9,['A'],2022-12-15T00:00:00.000,5.6,['A']
5.3,['A'],2022-12-16T00:00:00.000,5.1,['A']
4.9,['A'],2022-12-17T00:00:00.000,4.5,['A']
5.0,['A'],2022-12-18T00:00:00.000,4.7,['A']
5.5,['A'],2022-12-19T00:00:00.000,5.2,['A']
6.1,['A'],2022-12-20T00:00:00.000,5.7,['A']
6.3,['A'],2022-12-21T00:00:00.000,6.1,['A']
5.8,['A'],2022-12-22T00:00:00.000,5.0,['A']
4.3,['A'],2022-12-23T00:00:00.000,3.9,['A']
5.0,['A'],2022-12-24T00:00:00.000,4.2,['A']
6.9,['A'],2022-12-25T00:00:00.000,6.0,['A']
8.5,['A'],2022-12-26T00:00:00.000,7.6,['A']
8.8,['A'],2022-12-27T00:00:00.000,8.7,['A']
8.4,['A'],2022-12-28T00:00:00.000,8.0,['A']
7.9,['A'],2022-12-29T00:00:00.000,7.8,['A']
8.1,['A'],2022-12-30T00:00:00.000,8.0,['A']
8.1,['A'],2022-12-31T00:00:00.000,8.0,['A']
8.0,['A'],2023-01-01T00:00:00.000,7.8,['A']
7.6,['A'],2023-01-02T00:00:00.000,7.3,['A']
7.1,['A'],2023-01-03T00:00:00.000,6.9,['A']
6.9,['A'],2023-01-04T00:00:00.000,6.8,['A']
7.2,['A'],2023-01-05T00:00:00.000,6.8,['A']
7.4,['A'],2023-01-06T00:00:00.000,7.2,['A']
7.5,['A'],2023-01-07T00:00:00.000,7.4,['A']
7.7,['A'],2023-01-08T00:00:00.000,7.6,['A']
7.7,['A'],2023-01-09T00:00:00.000,7.6,['A']
7.7,['A'],2023-01-10T00:00:00.000,7.3,['A']
7.1,['A'],2023-01-11T00:00:00.000,7.0,['A']
7.6,['A'],2023-01-12T00:00:00.000,7.3,['A']
8.3,['A'],2023-01-13T00:00:00.000,8.0,['A']
8.4,['A'],2023-01-14T00:00:00.000,8.3,['A']
8.3,['A'],2023-01-15T00:00:00.000,8.1,['A']
8.0,['A'],2023-01-16T00:00:00.000,7.8,['A']
7.7,['A'],2023-01-17T00:00:00.000,7.6,['A']
7.7,['A'],2023-01-18T00:00:00.000,7.6,['A']
7.4,['A'],2023-01-19T00:00:00.000,7.2,['A']
7.1,['A'],2023-01-20T00:00:00.000,6.8,['A']
6.6,['A'],2023-01-21T00:00:00.000,6.4,['A']
6.2,['A'],2023-01-22T00:00:00.000,6.0,['A']
6.3,['A'],2023-01-23T00:00:00.000,6.1,['A']
6.1,['A'],2023-01-24T00:00:00.000,6.0,['A']
6.1,['A'],2023-01-25T00:00:00.000,5.9,['A']
6.3,['A'],2023-01-26T00:00:00.000,6.2,['A']
6.8,['A'],2023-01-27T00:00:00.000,6.6,['A']
7.2,['A'],2023-01-28T00:00:00.000,7.0,['A']
6.9,['A'],2023-01-29T00:00:00.000,6.3,['A']
5.5,['A'],2023-01-30T00:00:00.000,4.9,['A']
4.4,['A'],2023-01-31T00:00:00.000,4.1,['A']
4.0,['A'],2023-02-01T00:00:00.000,3.8,['A']
4.3,['A'],2023-02-02T00:00:00.000,4.0,['A']
5.2,['A'],2023-02-03T00:00:00.000,4.7,['A']
5.9,['A'],2023-02-04T00:00:00.000,5.6,['A']
6.8,['A'],2023-02-05T00:00:00.000,6.4,['A']
7.2,['A'],2023-02-06T00:00:00.000,6.9,['A']
7.4,['A'],2023-02-07T00:00:00.000,7.1,['A']
7.1,['A'],2023-02-08T00:00:00.000,6.9,['A']
6.9,['A'],2023-02-09T00:00:00.000,6.6,['A']
7.4,['A'],2023-02-10T00:00:00.000,7.1,['A']
7.5,['A'],2023-02-11T00:00:00.000,7.3,['A']
7.1,['A'],2023-02-12T00:00:00.000,6.8,['A']
7.0,['A'],2023-02-13T00:00:00.000,6.7,['A']
6.8,['A'],2023-02-14T00:00:00.000,6.6,['A']
6.4,['A'],2023-02-15T00:00:00.000,6.0,['A']
5.5,['A'],2023-02-16T00:00:00.000,5.4,['A']
6.0,['A'],2023-02-17T00:00:00.000,5.6,['A']
6.5,['A'],2023-02-18T00:00:00.000,6.2,['A']
7.0,['A'],2023-02-19T00:00:00.000,6.6,['A']
7.6,['A'],2023-02-20T00:00:00.000,7.3,['A']
7.8,['A'],2023-02-21T00:00:00.000,7.5,['A']
7.4,['A'],2023-02-22T00:00:00.000,6.9,['A']
6.1,['A'],2023-02-23T00:00:00.000,5.6,['A']
5.0,['A'],2023-02-24T00:00:00.000,4.6,['A']
4.5,['A'],2023-02-25T00:00:00.000,4.1,['A']
5.1,['A'],2023-02-26T00:00:00.000,4.7,['A']
5.5,['A'],2023-02-27T00:00:00.000,5.2,['A']
5.7,['A'],2023-02-28T00:00:00.000,5.5,['A']
6.0,['A'],2023-03-01T00:00:00.000,5.6,['A']
6.4,['A'],2023-03-02T00:00:00.000,6.1,['A']
6.4,['A'],2023-03-03T00:00:00.000,6.2,['A']
6.6,['A'],2023-03-04T00:00:00.000,6.3,['A']
6.3,['A'],2023-03-05T00:00:00.000,6.1,['A']
6.5,['A'],2023-03-06T00:00:00.000,6.2,['A']
7.0,['A'],2023-03-07T00:00:00.000,6.7,['A']
7.1,['A'],2023-03-08T00:00:00.000,6.8,['A']
7.0,['A'],2023-03-09T00:00:00.000,6.8,['A']
6.8,['A'],2023-03-10T00:00:00.000,6.6,['A']
7.2,['A'],2023-03-11T00:00:00.000,6.9,['A']
7.6,['A'],2023-03-12T00:00:00.000,7.2,['A']
8.0,['A'],2023-03-13T00:00:00.000,7.8,['A']
7.6,['A'],2023-03-14T00:00:00.000,7.2,['A']
7.5,['A'],2023-03-15T00:00:00.000,7.1,['A']
8.0,['A'],2023-03-16T00:00:00.000,7.5,['A']
8.3,['A'],2023-03-17T00:00:00.000,7.9,['A']
8.9,['A'],2023-03-18T00:00:00.000,8.5,['A']
8.9,['A'],2023-03-19T00:00:00.000,8.8,['A']
8.7,['A'],2023-03-20T00:00:00.000,8.5,['A']
8.8,['A'],2023-03-21T00:00:00.000,8.4,['A']
9.3,['A'],2023-03-22T00:00:00.000,8.9,['A']
9.2,['A'],2023-03-23T00:00:00.000,8.9,['A']
8.6,['A'],2023-03-24T00:00:00.000,8.1,['A']
7.8,['A'],2023-03-25T00:00:00.000,7.5,['A']
7.4,['A'],2023-03-26T00:00:00.000,7.3,['A']
7.2,['A'],2023-03-27T00:00:00.000,7.1,['A']
7.1,['A'],2023-03-28T00:00:00.000,7.0,['A']
8.0,['A'],2023-03-29T00:00:00.000,7.4,['A']
8.5,['A'],2023-03-30T00:00:00.000,8.2,['A']
8.3,['A'],2023-03-31T00:00:00.000,8.1,['A']
8.4,['A'],2023-04-01T00:00:00.000,8.1,['A']
8.3,['A'],2023-04-02T00:00:00.000,8.2,['A']
8.0,['A'],2023-04-03T00:00:00.000,7.8,['A']
8.1,['A'],2023-04-04T00:00:00.000,7.8,['A']
8.0,['A'],2023-04-05T00:00:00.000,7.9,['A']
8.8,['A'],2023-04-06T00:00:00.000,8.3,['A']
9.4,['A'],2023-04-07T00:00:00.000,9.0,['A']
9.4,['A'],2023-04-08T00:00:00.000,9.2,['A']
9.4,['A'],2023-04-09T00:00:00.000,9.3,['A']
9.5,['A'],2023-04-10T00:00:00.000,9.4,['A']
9.2,['A'],2023-04-11T00:00:00.000,8.9,['A']
9.0,['A'],2023-04-12T00:00:00.000,8.7,['A']
9.1,['A'],2023-04-13T00:00:00.000,8.8,['A']
9.8,['A'],2023-04-14T00:00:00.000,9.2,['A']
10.0,['A'],2023-04-15T00:00:00.000,9.8,['A']
9.9,['A'],2023-04-16T00:00:00.000,9.7,['A']
9.4,['A'],2023-04-17T00:00:00.000,9.1,['A']
8.9,['A'],2023-04-18T00:00:00.000,8.6,['A']
8.9,['A'],2023-04-19T00:00:00.000,8.6,['A']
8.8,['A'],2023-04-20T00:00:00.000,8.5,['A']
9.0,['A'],2023-04-21T00:00:00.000,8.6,['A']
10.4,['A'],2023-04-22T00:00:00.000,9.5,['A']
11.0,['A'],2023-04-23T00:00:00.000,10.8,['A']
10.8,['A'],2023-04-24T00:00:00.000,10.4,['A']
10.8,['A'],2023-04-25T00:00:00.000,10.3,['A']
11.6,['A'],2023-04-26T00:00:00.000,11.0,['A']
12.6,['A'],2023-04-27T00:00:00.000,12.0,['A']
13.3,['A'],2023-04-28T00:00:00.000,12.8,['A']
13.5,['A'],2023-04-29T00:00:00.000,13.2,['A']
13.1,['A'],2023-04-30T00:00:00.000,12.7,['A']
12.0,['A'],2023-05-01T00:00:00.000,11.5,['A']
11.3,['A'],2023-05-02T00:00:00.000,11.1,['A']
11.9,['A'],2023-05-03T00:00:00.000,11.3,['A']
11.9,['A'],2023-05-04T00:00:00.000,11.7,['A']
11.4,['A'],2023-05-05T00:00:00.000,11.2,['A']
11.5,['A'],2023-05-06T00:00:00.000,11.1,['A']
12.0,['A'],2023-05-07T00:00:00.000,11.5,['A']
12.1,['A'],2023-05-08T00:00:00.000,11.7,['A']
11.4,['A'],2023-05-09T00:00:00.000,11.1,['A']
12.8,['A'],2023-05-10T00:00:00.000,12.1,['A']
13.9,['A'],2023-05-11T00:00:00.000,13.3,['A']
14.6,['A'],2023-05-12T00:00:00.000,14.1,['A']
15.5,['A'],2023-05-13T00:00:00.000,14.8,['A']
16.2,['A'],2023-05-14T00:00:00.000,15.7,['A']
16.6,['A'],2023-05-15T00:00:00.000,16.2,['A']
16.2,['A'],2023-05-16T00:00:00.000,16.0,['A']
16.4,['A'],2023-05-17T00:00:00.000,16.0,['A']
16.7,['A'],2023-05-18T00:00:00.000,16.3,['A']
16.6,['A'],2023-05-19T00:00:00.000,16.3,['A']
17.0,['A'],2023-05-20T00:00:00.000,16.5,['A']
16.7,['A'],2023-05-21T00:00:00.000,16.2,['A']
15.4,['A'],2023-05-22T00:00:00.000,14.9,['A']
14.4,['A'],2023-05-23T00:00:00.000,14.0,['A']
15.1,['A'],2023-05-24T00:00:00.000,14.2,['A']
16.4,['A'],2023-05-25T00:00:00.000,15.5,['A']
17.5,['A'],2023-05-26T00:00:00.000,16.6,['A']
17.9,['A'],2023-05-27T00:00:00.000,17.2,['A']
17.6,['A'],2023-05-28T00:00:00.000,16.9,['A']
17.8,['A'],2023-05-29T00:00:00.000,16.9,['A']
17.4,['A'],2023-05-30T00:00:00.000,16.8,['A']
16.6,['A'],2023-05-31T00:00:00.000,16.1,['A']
16.7,['A'],2023-06-01T00:00:00.000,15.9,['A']
17.5,['A'],2023-06-02T00:00:00.000,16.5,['A']
17.9,['A'],2023-06-03T00:00:00.000,16.9,['A']
18.0,['A'],2023-06-04T00:00:00.000,17.1,['A']
18.2,['A'],2023-06-05T00:00:00.000,17.3,['A']
18.9,['A'],2023-06-06T00:00:00.000,17.8,['A']
19.4,['A'],2023-06-07T00:00:00.000,18.4,['A']
18.8,['A'],2023-06-08T00:00:00.000,18.2,['A']
17.9,['A'],2023-06-09T00:00:00.000,17.2,['A']
18.4,['A'],2023-06-10T00:00:00.000,17.3,['A']
18.9,['A'],2023-06-11T00:00:00.000,17.9,['A']
20.2,['A'],2023-06-12T00:00:00.000,19.0,['A']
20.2,['A'],2023-06-13T00:00:00.000,19.4,['A']
19.5,['A'],2023-06-14T00:00:00.000,18.8,['A']
19.1,['A'],2023-06-15T00:00:00.000,18.2,['A']
19.3,['A'],2023-06-16T00:00:00.000,18.4,['A']
19.3,['A'],2023-06-17T00:00:00.000,18.5,['A']
18.2,['A'],2023-06-18T00:00:00.000,17.5,['A']
17.1,['A'],2023-06-19T00:00:00.000,16.4,['A']
16.7,['A'],2023-06-20T00:00:00.000,15.9,['A']
17.5,['A'],2023-06-21T00:00:00.000,16.4,['A']
19.1,['A'],2023-06-22T00:00:00.000,17.8,['A']
20.4,['A'],2023-06-23T00:00:00.000,19.2,['A']
20.6,['A'],2023-06-24T00:00:00.000,19.6,['A']
20.8,['A'],2023-06-25T00:00:00.000,19.9,['A']
21.0,['A'],2023-06-26T00:00:00.000,20.1,['A']
21.3,['A'],2023-06-27T00:00:00.000,20.3,['A']
21.6,['A'],2023-06-28T00:00:00.000,20.7,['A']
22.2,['A'],2023-06-29T00:00:00.000,21.2,['A']
22.6,['A'],2023-06-30T00:00:00.000,21.6,['A']
22.2,['A'],2023-07-01T00:00:00.000,21.4,['A']
22.1,['A'],2023-07-02T00:00:00.000,21.3,['A']
22.2,['A'],2023-07-03T00:00:00.000,21.4,['A']
22.4,['A'],2023-07-04T00:00:00.000,21.6,['A']
23.0,['A'],2023-07-05T00:00:00.000,22.1,['A']
23.1,['A'],2023-07-06T00:00:00.000,22.3,['A']
22.5,['A'],2023-07-07T00:00:00.000,21.8,['A']
21.5,['A'],2023-07-08T00:00:00.000,20.8,['A']
21.4,['A'],2023-07-09T00:00:00.000,20.4,['A']
20.7,['A'],2023-07-10T00:00:00.000,20.3,['A']
21.5,['A'],2023-07-11T00:00:00.000,20.5,['A']
22.3,['A'],2023-07-12T00:00:00.000,21.3,['A']
22.9,['A'],2023-07-13T00:00:00.000,21.9,['A']
23.4,['A'],2023-07-14T00:00:00.000,22.5,['A']
23.7,['A'],2023-07-15T00:00:00.000,23.0,['A']
24.0,['A'],2023-07-16T00:00:00.000,23.1,['A']
23.3,['A'],2023-07-17T00:00:00.000,22.6,['A']
22.8,['A'],2023-07-18T00:00:00.000,22.1,['A']
23.1,['A'],2023-07-19T00:00:00.000,22.3,['A']
23.2,['A'],2023-07-20T00:00:00.000,22.3,['A']
23.4,['A'],2023-07-21T00:00:00.000,22.5,['A']
23.6,['A'],2023-07-22T00:00:00.000,22.7,['A']
23.8,['A'],2023-07-23T00:00:00.000,22.9,['A']
23.0,['A'],2023-07-24T00:00:00.000,22.3,['A']
22.5,['A'],2023-07-25T00:00:00.000,21.9,['A']
22.4,['A'],2023-07-26T00:00:00.000,21.7,['A']
22.5,['A'],2023-07-27T00:00:00.000,21.7,['A']
22.6,['A'],2023-07-28T00:00:00.000,21.8,['A']
22.5,['A'],2023-07-29T00:00:00.000,21.8,['A']
22.3,['A'],2023-07-30T00:00:00.000,21.6,['A']
22.1,['A'],2023-07-31T00:00:00.000,21.4,['A']
22.3,['A'],2023-08-01T00:00:00.000,21.5,['A']
22.6,['A'],2023-08-02T00:00:00.000,21.7,['A']
22.8,['A'],2023-08-03T00:00:00.000,21.9,['A']
22.5,['A'],2023-08-04T00:00:00.000,21.9,['A']
22.1,['A'],2023-08-05T00:00:00.000,21.7,['A']
21.8,['A'],2023-08-06T00:00:00.000,21.2,['A']
22.2,['A'],2023-08-07T00:00:00.000,21.3,['A']
22.4,['A'],2023-08-08T00:00:00.000,21.6,['A']
22.5,['A'],2023-08-09T00:00:00.000,21.6,['A']
22.1,['A'],2023-08-10T00:00:00.000,21.3,['A']
22.3,['A'],2023-08-11T00:00:00.000,21.5,['A']
22.3,['A'],2023-08-12T00:00:00.000,21.5,['A']
22.8,['A'],2023-08-13T00:00:00.000,21.9,['A']
23.3,['A'],2023-08-14T00:00:00.000,22.4,['A']
23.5,['A'],2023-08-15T00:00:00.000,22.8,['A']
23.5,['A'],2023-08-16T00:00:00.000,22.7,['A']
23.0,['A'],2023-08-17T00:00:00.000,22.5,['A']
22.2,['A'],2023-08-18T00:00:00.000,21.5,['A']
20.9,['A'],2023-08-19T00:00:00.000,20.3,['A']
20.4,['A'],2023-08-20T00:00:00.000,19.9,['A']
20.0,['A'],2023-08-21T00:00:00.000,19.3,['A']
19.6,['A'],2023-08-22T00:00:00.000,18.9,['A']
19.5,['A'],2023-08-23T00:00:00.000,18.8,['A']
19.6,['A'],2023-08-24T00:00:00.000,18.9,['A']
20.7,['A'],2023-08-25T00:00:00.000,19.8,['A']
21.1,['A'],2023-08-26T00:00:00.000,20.2,['A']
20.5,['A'],2023-08-27T00:00:00.000,19.9,['A']
19.6,['A'],2023-08-28T00:00:00.000,19.0,['A']
18.4,['A'],2023-08-29T00:00:00.000,18.1,['A']
18.6,['A'],2023-08-30T00:00:00.000,17.9,['A']
18.2,['A'],2023-08-31T00:00:00.000,17.9,['A']
18.2,['A'],2023-09-01T00:00:00.000,17.7,['A']
19.0,['A'],2023-09-02T00:00:00.000,18.2,['A']
18.5,['A'],2023-09-03T00:00:00.000,18.2,['A']
18.3,['A'],2023-09-04T00:00:00.000,18.1,['A']
18.3,['A'],2023-09-05T00:00:00.000,17.7,['A']
18.5,['A'],2023-09-06T00:00:00.000,17.7,['A']
18.7,['A'],2023-09-07T00:00:00.000,18.1,['A']
18.7,['A'],2023-09-08T00:00:00.000,18.0,['A']
18.9,['A'],2023-09-09T00:00:00.000,18.1,['A']
19.3,['A'],2023-09-10T00:00:00.000,18.5,['A']
19.0,['A'],2023-09-11T00:00:00.000,18.5,['A']
19.1,['A'],2023-09-12T00:00:00.000,18.4,['A']
19.4,['A'],2023-09-13T00:00:00.000,18.7,['A']
19.6,['A'],2023-09-14T00:00:00.000,18.9,['A']
19.7,['A'],2023-09-15T00:00:00.000,19.1,['A']
19.6,['A'],2023-09-16T00:00:00.000,18.9,['A']
18.8,['A'],2023-09-17T00:00:00.000,18.4,['A']
18.5,['A'],2023-09-18T00:00:00.000,18.0,['A']
17.8,['A'],2023-09-19T00:00:00.000,17.3,['A']
17.2,['A'],2023-09-20T00:00:00.000,16.9,['A']
17.1,['A'],2023-09-21T00:00:00.000,16.6,['A']
17.0,['A'],2023-09-22T00:00:00.000,16.4,['A']
16.6,['A'],2023-09-23T00:00:00.000,16.3,['A']
16.0,['A'],2023-09-24T00:00:00.000,15.6,['A']
15.3,['A'],2023-09-25T00:00:00.000,15.1,['A']
15.6,['A'],2023-09-26T00:00:00.000,15.1,['A']
15.4,['A'],2023-09-27T00:00:00.000,15.2,['A']
15.9,['A'],2023-09-28T00:00:00.000,15.5,['A']
16.0,['A'],2023-09-29T00:00:00.000,15.7,['A']
16.0,['A'],2023-09-30T00:00:00.000,15.5,['A']
15.7,['A'],2023-10-01T00:00:00.000,15.2,['A']
15.2,['A'],2023-10-02T00:00:00.000,14.9,['A']
15.3,['A'],2023-10-03T00:00:00.000,14.9,['A']
15.7,['A'],2023-10-04T00:00:00.000,15.2,['A']
16.5,['A'],2023-10-05T00:00:00.000,15.8,['A']
17.1,['A'],2023-10-06T00:00:00.000,16.5,['A']
17.3,['A'],2023-10-07T00:00:00.000,16.9,['A']
17.2,['A'],2023-10-08T00:00:00.000,16.8,['A']
16.8,['A'],2023-10-09T00:00:00.000,16.4,['A']
16.0,['A'],2023-10-10T00:00:00.000,15.7,['A']
15.3,['A'],2023-10-11T00:00:00.000,15.0,['A']
15.1,['A'],2023-10-12T00:00:00.000,14.8,['A']
14.9,['A'],2023-10-13T00:00:00.000,14.7,['A']
14.7,['A'],2023-10-14T00:00:00.000,14.5,['A']
15.1,['A'],2023-10-15T00:00:00.000,14.7,['A']
15.8,['A'],2023-10-16T00:00:00.000,15.3,['A']
15.7,['A'],2023-10-17T00:00:00.000,15.3,['A']
15.5,['A'],2023-10-18T00:00:00.000,15.2,['A']
15.2,['A'],2023-10-19T00:00:00.000,14.8,['A']
14.9,['A'],2023-10-20T00:00:00.000,14.7,['A']
15.1,['A'],2023-10-21T00:00:00.000,14.9,['A']
15.2,['A'],2023-10-22T00:00:00.000,15.1,['A']
15.1,['A'],2023-10-23T00:00:00.000,14.9,['A']
14.5,['A'],2023-10-24T00:00:00.000,14.1,['A']
13.5,['A'],2023-10-25T00:00:00.000,13.0,['A']
12.5,['A'],2023-10-26T00:00:00.000,12.2,['A']
11.9,['A'],2023-10-27T00:00:00.000,11.7,['A']
11.3,['A'],2023-10-28T00:00:00.000,10.7,['A']
10.2,['A'],2023-10-29T00:00:00.000,9.8,['A']
10.1,['A'],2023-10-30T00:00:00.000,9.8,['A']
10.0,['A'],2023-10-31T00:00:00.000,9.7,['A']
10.4,['A'],2023-11-01T00:00:00.000,10.1,['A']
11.6,['A'],2023-11-02T00:00:00.000,11.1,['A']
12.7,['A'],2023-11-03T00:00:00.000,12.2,['A']
13.5,['A'],2023-11-04T00:00:00.000,13.2,['A']
13.3,['A'],2023-11-05T00:00:00.000,12.9,['A']
12.4,['A'],2023-11-06T00:00:00.000,12.3,['A']
12.0,['A'],2023-11-07T00:00:00.000,11.8,['A']
11.5,['A'],2023-11-08T00:00:00.000,11.0,['A']
10.5,['A'],2023-11-09T00:00:00.000,10.4,['A']
10.5,['A'],2023-11-10T00:00:00.000,10.3,['A']
10.6,['A'],2023-11-11T00:00:00.000,10.4,['A']
10.8,['A'],2023-11-12T00:00:00.000,10.7,['A']
11.1,['A'],2023-11-13T00:00:00.000,10.9,['A']
10.8,['A'],2023-11-14T00:00:00.000,10.5,['A']
10.5,['A'],2023-11-15T00:00:00.000,10.3,['A']
10.4,['A'],2023-11-16T00:00:00.000,10.3,['A']
10.6,['A'],2023-11-17T00:00:00.000,10.3,['A']
10.4,['A'],2023-11-18T00:00:00.000,10.1,['A']
10.0,['A'],2023-11-19T00:00:00.000,9.8,['A']
9.7,['A'],2023-11-20T00:00:00.000,9.3,['A']
8.9,['A'],2023-11-21T00:00:00.000,8.7,['A']
9.3,['A'],2023-11-22T00:00:00.000,9.0,['A']
9.2,['A'],2023-11-23T00:00:00.000,9.1,['A']
8.7,['A'],2023-11-24T00:00:00.000,8.4,['A']
8.0,['A'],2023-11-25T00:00:00.000,7.6,['A']
7.3,['A'],2023-11-26T00:00:00.000,7.0,['A']
6.6,['A'],2023-11-27T00:00:00.000,6.3,['A']
6.0,['A'],2023-11-28T00:00:00.000,5.8,['A']
5.8,['A'],2023-11-29T00:00:00.000,5.6,['A']
6.1,['A'],2023-11-30T00:00:00.000,5.9,['A']
7.2,['A'],2023-12-01T00:00:00.000,6.6,['A']
8.1,['A'],2023-12-02T00:00:00.000,7.7,['A']
9.4,['A'],2023-12-03T00:00:00.000,8.6,['A']
10.2,['A'],2023-12-04T00:00:00.000,9.7,['A']
10.8,['A'],2023-12-05T00:00:00.000,10.5,['A']
10.9,['A'],2023-12-06T00:00:00.000,10.8,['A']
10.6,['A'],2023-12-07T00:00:00.000,10.0,['A']
9.5,['A'],2023-12-08T00:00:00.000,9.1,['A']
8.8,['A'],2023-12-09T00:00:00.000,8.3,['A']
8.8,['A'],2023-12-10T00:00:00.000,8.4,['A']
9.3,['A'],2023-12-11T00:00:00.000,9.1,['A']
9.4,['A'],2023-12-12T00:00:00.000,9.2,['A']
9.0,['A'],2023-12-13T00:00:00.000,8.6,['A']
8.3,['A'],2023-12-14T00:00:00.000,8.2,['A']
8.3,['A'],2023-12-15T00:00:00.000,8.2,['A']
8.1,['A'],2023-12-16T00:00:00.000,7.8,['A']
7.5,['A'],2023-12-17T00:00:00.000,7.4,['A']
7.3,['A'],2023-12-18T00:00:00.000,7.2,['A']
8.0,['A'],2023-12-19T00:00:00.000,7.6,['A']
8.4,['A'],2023-12-20T00:00:00.000,8.2,['A']
8.5,['A'],2023-12-21T00:00:00.000,8.4,['A']
8.4,['A'],2023-12-22T00:00:00.000,8.3,['A']
8.1,['A'],2023-12-23T00:00:00.000,7.6,['A']
7.2,['A'],2023-12-24T00:00:00.000,7.1,['A']
7.4,['A'],2023-12-25T00:00:00.000,7.2,['A']
8.2,['A'],2023-12-26T00:00:00.000,7.8,['A']
8.4,['A'],2023-12-27T00:00:00.000,8.3,['A']
8.5,['A'],2023-12-28T00:00:00.000,8.4,['A']
8.7,['A'],2023-12-29T00:00:00.000,8.5,['A']
9.0,['A'],2023-12-30T00:00:00.000,8.8,['A']
8.8,['A'],2023-12-31T00:00:00.000,8.6,['A']
8.4,['A'],2024-01-01T00:00:00.000,8.2,['A']
8.0,['A'],2024-01-02T00:00:00.000,7.8,['A']
7.7,['A'],2024-01-03T00:00:00.000,7.6,['A']
8.0,['A'],2024-01-04T00:00:00.000,7.8,['A']
7.9,['A'],2024-01-05T00:00:00.000,7.8,['A']
7.7,['A'],2024-01-06T00:00:00.000,7.5,['A']
7.4,['A'],2024-01-07T00:00:00.000,7.2,['A']
7.2,['A'],2024-01-08T00:00:00.000,7.0,['A']
7.4,['A'],2024-01-09T00:00:00.000,7.3,['A']
7.2,['A'],2024-01-10T00:00:00.000,7.0,['A']
6.9,['A'],2024-01-11T00:00:00.000,6.8,['A']
7.0,['A'],2024-01-12T00:00:00.000,6.9,['A']
6.8,"['A', '[4]']",2024-01-13T00:00:00.000,,
4.5,"['A', '[4]']",2024-01-15T00:00:00.000,4.4,"['A', '[4]']"
4.4,"['A', '[4]']",2024-01-16T00:00:00.000,4.2,"['A', '[4]']"
4.9,['A'],2024-01-17T00:00:00.000,4.5,['A']
5.4,['A'],2024-01-18T00:00:00.000,5.3,['A']
5.9,['A'],2024-01-19T00:00:00.000,5.7,['A']
6.0,['A'],2024-01-20T00:00:00.000,6.0,['A']
6.9,['A'],2024-01-21T00:00:00.000,6.4,['A']
7.9,['A'],2024-01-22T00:00:00.000,7.4,['A']
8.0,['A'],2024-01-23T00:00:00.000,7.9,['A']
8.2,['A'],2024-01-24T00:00:00.000,8.0,['A']
8.3,['A'],2024-01-25T00:00:00.000,8.2,['A']
8.3,['A'],2024-01-26T00:00:00.000,8.1,['A']
9.3,['A'],2024-01-27T00:00:00.000,8.7,['A']
9.9,['A'],2024-01-28T00:00:00.000,9.6,['A']
9.9,['A'],2024-01-29T00:00:00.000,9.8,['A']
9.8,['A'],2024-01-30T00:00:00.000,9.7,['A']
9.6,['A'],2024-01-31T00:00:00.000,9.4,['A']
9.3,['A'],2024-02-01T00:00:00.000,9.2,['A']
9.2,['A'],2024-02-02T00:00:00.000,9.0,['A']
8.8,['A'],2024-02-03T00:00:00.000,8.3,['A']
8.1,['A'],2024-02-04T00:00:00.000,7.7,['A']
7.6,['A'],2024-02-05T00:00:00.000,7.5,['A']
8.0,['A'],2024-02-06T00:00:00.000,7.8,['A']
8.0,['A'],2024-02-07T00:00:00.000,8.0,['A']
8.0,['A'],2024-02-08T00:00:00.000,7.9,['A']
7.9,['A'],2024-02-09T00:00:00.000,7.8,['A']
7.9,['A'],2024-02-10T00:00:00.000,7.7,['A']
8.2,['A'],2024-02-11T00:00:00.000,7.9,['A']
8.4,['A'],2024-02-12T00:00:00.000,8.2,['A']
8.2,['A'],2024-02-13T00:00:00.000,7.9,['A']
7.6,['A'],2024-02-14T00:00:00.000,7.4,['A']
7.6,['A'],2024-02-15T00:00:00.000,7.3,['A']
7.7,['A'],2024-02-16T00:00:00.000,7.6,['A']
7.6,['A'],2024-02-17T00:00:00.000,7.6,['A']
7.9,['A'],2024-02-18T00:00:00.000,7.7,['A']
8.6,['A'],2024-02-19T00:00:00.000,8.2,['A']
8.9,['A'],2024-02-20T00:00:00.000,8.7,['A']
9.2,['A'],2024-02-21T00:00:00.000,9.0,['A']
9.6,['A'],2024-02-22T00:00:00.000,9.3,['A']
9.5,['A'],2024-02-23T00:00:00.000,9.3,['A']
9.3,['A'],2024-02-24T00:00:00.000,9.2,['A']
9.2,['A'],2024-02-25T00:00:00.000,9.0,['A']
9.0,['A'],2024-02-26T00:00:00.000,8.8,['A']
8.6,['A'],2024-02-27T00:00:00.000,8.2,['A']
8.3,['A'],2024-02-28T00:00:00.000,8.0,['A']
8.3,['A'],2024-02-29T00:00:00.000,8.0,['A']
7.4,['A'],2024-03-01T00:00:00.000,6.9,['A']
6.9,['A'],2024-03-02T00:00:00.000,6.8,['A']
6.8,['A'],2024-03-03T00:00:00.000,6.7,['A']
6.7,['A'],2024-03-04T00:00:00.000,6.5,['A']
7.0,['A'],2024-03-05T00:00:00.000,6.8,['A']
7.2,['A'],2024-03-06T00:00:00.000,6.9,['A']
7.5,['A'],2024-03-07T00:00:00.000,7.2,['A']
7.8,['A'],2024-03-08T00:00:00.000,7.4,['A']
8.3,['A'],2024-03-09T00:00:00.000,8.0,['A']
8.5,['A'],2024-03-10T00:00:00.000,8.3,['A']
8.4,['A'],2024-03-11T00:00:00.000,8.3,['A']
8.7,['A'],2024-03-12T00:00:00.000,8.3,['A']
8.7,['A'],2024-03-13T00:00:00.000,8.5,['A']
8.8,['A'],2024-03-14T00:00:00.000,8.5,['A']
9.3,['A'],2024-03-15T00:00:00.000,8.9,['A']
10.0,['A'],2024-03-16T00:00:00.000,9.5,['A']
10.4,['A'],2024-03-17T00:00:00.000,10.1,['A']
10.8,['A'],2024-03-18T00:00:00.000,10.4,['A']
11.0,['A'],2024-03-19T00:00:00.000,10.7,['A']
10.9,['A'],2024-03-20T00:00:00.000,10.7,['A']
10.7,['A'],2024-03-21T00:00:00.000,10.5,['A']
10.5,['A'],2024-03-22T00:00:00.000,10.4,['A']
10.2,['A'],2024-03-23T00:00:00.000,9.9,['A']
9.5,['A'],2024-03-24T00:00:00.000,9.3,['A']
9.4,['A'],2024-03-25T00:00:00.000,9.2,['A']
9.7,['A'],2024-03-26T00:00:00.000,9.4,['A']
9.9,['A'],2024-03-27T00:00:00.000,9.7,['A']
9.7,['A'],2024-03-28T00:00:00.000,9.4,['A']
9.3,['A'],2024-03-29T00:00:00.000,9.0,['A']
10.2,['A'],2024-03-30T00:00:00.000,9.7,['A']
10.8,['A'],2024-03-31T00:00:00.000,10.3,['A']
11.2,['A'],2024-04-01T00:00:00.000,10.8,['A']
11.9,['A'],2024-04-02T00:00:00.000,11.3,['A']
12.0,['A'],2024-04-03T00:00:00.000,11.8,['A']
11.6,['A'],2024-04-04T00:00:00.000,11.0,['A']
10.3,['A'],2024-04-05T00:00:00.000,9.7,['A']
9.6,['A'],2024-04-06T00:00:00.000,9.5,['A']
10.1,['A'],2024-04-07T00:00:00.000,9.6,['A']
10.5,['A'],2024-04-08T00:00:00.000,10.2,['A']
11.4,['A'],2024-04-09T00:00:00.000,10.9,['A']
12.0,['A'],2024-04-10T00:00:00.000,11.5,['A']
12.4,['A'],2024-04-11T00:00:00.000,11.9,['A']
12.7,['A'],2024-04-12T00:00:00.000,12.2,['A']
12.4,['A'],2024-04-13T00:00:00.000,12.1,['A']
12.3,['A'],2024-04-14T00:00:00.000,11.7,['A']
12.1,['A'],2024-04-15T00:00:00.000,11.7,['A']
11.9,['A'],2024-04-16T00:00:00.000,11.4,['A']
11.8,['A'],2024-04-17T00:00:00.000,11.3,['A']
12.3,['A'],2024-04-18T00:00:00.000,11.7,['A']
12.8,['A'],2024-04-19T00:00:00.000,12.2,['A']
12.9,['A'],2024-04-20T00:00:00.000,12.6,['A']
12.8,['A'],2024-04-21T00:00:00.000,12.3,['A']
13.1,['A'],2024-04-22T00:00:00.000,12.5,['A']
13.8,['A'],2024-04-23T00:00:00.000,13.1,['A']
14.0,['A'],2024-04-24T00:00:00.000,13.5,['A']
13.4,['A'],2024-04-25T00:00:00.000,13.2,['A']
12.9,['A'],2024-04-26T00:00:00.000,12.7,['A']
12.3,['A'],2024-04-27T00:00:00.000,11.8,['A']
11.4,['A'],2024-04-28T00:00:00.000,11.1,['A']
11.8,['A'],2024-04-29T00:00:00.000,11.3,['A']
11.3,['A'],2024-04-30T00:00:00.000,11.0,['A']
10.9,['A'],2024-05-01T00:00:00.000,10.7,['A']
11.4,['A'],2024-05-02T00:00:00.000,10.9,['A']
11.5,['A'],2024-05-03T00:00:00.000,11.3,['A']
11.3,['A'],2024-05-04T00:00:00.000,11.1,['A']
10.9,['A'],2024-05-05T00:00:00.000,10.5,['A']
10.4,['A'],2024-05-06T00:00:00.000,10.2,['A']
10.9,['A'],2024-05-07T00:00:00.000,10.5,['A']
11.4,['A'],2024-05-08T00:00:00.000,10.9,['A']
12.5,['A'],2024-05-09T00:00:00.000,11.8,['A']
13.8,['A'],2024-05-10T00:00:00.000,13.2,['A']
15.0,['A'],2024-05-11T00:00:00.000,14.5,['A']
15.5,['A'],2024-05-12T00:00:00.000,15.0,['A']
15.6,['A'],2024-05-13T00:00:00.000,15.2,['A']
15.5,['A'],2024-05-14T00:00:00.000,15.0,['A']
16.2,['A'],2024-05-15T00:00:00.000,15.5,['A']
16.7,['A'],2024-05-16T00:00:00.000,16.0,['A']
16.7,['A'],2024-05-17T00:00:00.000,16.2,['A']
16.1,['A'],2024-05-18T00:00:00.000,15.6,['A']
14.9,['A'],2024-05-19T00:00:00.000,14.4,['A']
14.9,['A'],2024-05-20T00:00:00.000,14.3,['A']
14.6,['A'],2024-05-21T00:00:00.000,14.3,['A']
14.3,['A'],2024-05-22T00:00:00.000,13.9,['A']
14.7,['A'],2024-05-23T00:00:00.000,14.1,['A']
15.0,['A'],2024-05-24T00:00:00.000,14.6,['A']
14.7,['A'],2024-05-25T00:00:00.000,14.4,['A']
15.7,['A'],2024-05-26T00:00:00.000,14.8,['A']
16.5,['A'],2024-05-27T00:00:00.000,15.5,['A']
16.2,['A'],2024-05-28T00:00:00.000,15.8,['A']
15.4,['A'],2024-05-29T00:00:00.000,15.0,['A']
15.8,['A'],2024-05-30T00:00:00.000,14.9,['A']
16.8,['A'],2024-05-31T00:00:00.000,15.8,['A']
17.4,['A'],2024-06-01T00:00:00.000,16.6,['A']
16.6,['A'],2024-06-02T00:00:00.000,16.1,['A']
15.6,['A'],2024-06-03T00:00:00.000,14.8,['A']
13.9,['A'],2024-06-04T00:00:00.000,13.6,['A']
15.2,['A'],2024-06-05T00:00:00.000,14.4,['A']
17.0,['A'],2024-06-06T00:00:00.000,16.0,['A']
18.1,['A'],2024-06-07T00:00:00.000,17.2,['A']
18.3,['A'],2024-06-08T00:00:00.000,17.7,['A']
18.9,['A'],2024-06-09T00:00:00.000,17.9,['A']
19.1,['A'],2024-06-10T00:00:00.000,18.3,['A']
18.9,['A'],2024-06-11T00:00:00.000,18.3,['A']
18.8,['A'],2024-06-12T00:00:00.000,17.9,['A']
19.1,['A'],2024-06-13T00:00:00.000,18.2,['A']
18.7,['A'],2024-06-14T00:00:00.000,18.0,['A']
18.2,['A'],2024-06-15T00:00:00.000,17.5,['A']
17.3,['A'],2024-06-16T00:00:00.000,16.6,['A']
15.9,['A'],2024-06-17T00:00:00.000,15.5,['A']
16.8,['A'],2024-06-18T00:00:00.000,15.7,['A']
18.4,['A'],2024-06-19T00:00:00.000,17.1,['A']
20.1,['A'],2024-06-20T00:00:00.000,18.8,['A']
21.3,['A'],2024-06-21T00:00:00.000,20.1,['A']
21.9,['A'],2024-06-22T00:00:00.000,20.8,['A']
21.3,['A'],2024-06-23T00:00:00.000,20.7,['A']
20.7,['A'],2024-06-24T00:00:00.000,19.9,['A']
21.2,['A'],2024-06-25T00:00:00.000,20.2,['A']
20.6,['A'],2024-06-26T00:00:00.000,19.8,['A']
19.2,['A'],2024-06-27T00:00:00.000,18.7,['A']
19.3,['A'],2024-06-28T00:00:00.000,18.4,['A']
20.0,['A'],2024-06-29T00:00:00.000,19.2,['A']
21.0,['A'],2024-06-30T00:00:00.000,20.2,['A']
21.3,['A'],2024-07-01T00:00:00.000,20.6,['A']
21.1,['A'],2024-07-02T00:00:00.000,20.3,['A']
20.8,['A'],2024-07-03T00:00:00.000,19.9,['A']
21.2,['A'],2024-07-04T00:00:00.000,20.1,['A']
21.9,['A'],2024-07-05T00:00:00.000,20.8,['A']
22.7,['A'],2024-07-06T00:00:00.000,21.5,['A']
23.2,['A'],2024-07-07T00:00:00.000,22.1,['A']
23.5,['A'],2024-07-08T00:00:00.000,22.5,['A']
23.8,['A'],2024-07-09T00:00:00.000,22.8,['A']
23.6,['A'],2024-07-10T00:00:00.000,22.7,['A']
22.9,['A'],2024-07-11T00:00:00.000,22.1,['A']
22.3,['A'],2024-07-12T00:00:00.000,21.5,['A']
22.6,['A'],2024-07-13T00:00:00.000,21.6,['A']
23.0,['A'],2024-07-14T00:00:00.000,21.9,['A']
22.7,['A'],2024-07-15T00:00:00.000,21.9,['A']
23.0,['A'],2024-07-16T00:00:00.000,22.1,['A']
22.8,['A'],2024-07-17T00:00:00.000,22.0,['A']
22.5,['A'],2024-07-18T00:00:00.000,21.7,['A']
22.9,['A'],2024-07-19T00:00:00.000,22.0,['A']
23.4,['A'],2024-07-20T00:00:00.000,22.5,['A']
23.2,['A'],2024-07-21T00:00:00.000,22.6,['A']
22.5,['A'],2024-07-22T00:00:00.000,21.9,['A']
21.5,['A'],2024-07-23T00:00:00.000,21.0,['A']
21.8,['A'],2024-07-24T00:00:00.000,20.9,['A']
21.5,['A'],2024-07-25T00:00:00.000,20.9,['A']
21.3,['A'],2024-07-26T00:00:00.000,20.5,['A']
21.2,['A'],2024-07-27T00:00:00.000,20.4,['A']
20.8,['A'],2024-07-28T00:00:00.000,20.1,['A']
20.2,['A'],2024-07-29T00:00:00.000,19.6,['A']
20.2,['A'],2024-07-30T00:00:00.000,19.5,['A']
21.4,['A'],2024-07-31T00:00:00.000,20.3,['A']
23.0,['A'],2024-08-01T00:00:00.000,21.9,['A']
23.7,['A'],2024-08-02T00:00:00.000,22.9,['A']
23.2,['A'],2024-08-03T00:00:00.000,22.7,['A']
22.9,['A'],2024-08-04T00:00:00.000,22.2,['A']
22.7,['A'],2024-08-05T00:00:00.000,22.0,['A']
22.3,['A'],2024-08-06T00:00:00.000,21.6,['A']
21.8,['A'],2024-08-07T00:00:00.000,21.3,['A']
22.2,['A'],2024-08-08T00:00:00.000,21.6,['A']
22.5,['A'],2024-08-09T00:00:00.000,21.8,['A']
22.5,['A'],2024-08-10T00:00:00.000,21.9,['A']
22.1,['A'],2024-08-11T00:00:00.000,21.6,['A']
21.6,['A'],2024-08-12T00:00:00.000,20.9,['A']
20.6,['A'],2024-08-13T00:00:00.000,20.1,['A']
19.9,['A'],2024-08-14T00:00:00.000,19.4,['A']
20.1,['A'],2024-08-15T00:00:00.000,19.6,['A']
20.9,['A'],2024-08-16T00:00:00.000,20.2,['A']
20.7,['A'],2024-08-17T00:00:00.000,20.3,['A']
20.3,['A'],2024-08-18T00:00:00.000,19.9,['A']
20.5,['A'],2024-08-19T00:00:00.000,19.9,['A']
20.6,['A'],2024-08-20T00:00:00.000,20.0,['A']
20.3,['A'],2024-08-21T00:00:00.000,19.8,['A']
19.8,['A'],2024-08-22T00:00:00.000,19.4,['A']
19.1,['A'],2024-08-23T00:00:00.000,18.7,['A']
18.8,['A'],2024-08-24T00:00:00.000,18.4,['A']
18.9,['A'],2024-08-25T00:00:00.000,18.3,['A']
19.8,['A'],2024-08-26T00:00:00.000,19.0,['A']
20.0,['A'],2024-08-27T00:00:00.000,19.5,['A']
19.4,['A'],2024-08-28T00:00:00.000,19.0,['A']
19.4,['A'],2024-08-29T00:00:00.000,18.8,['A']
20.0,['A'],2024-08-30T00:00:00.000,19.3,['A']
20.7,['A'],2024-08-31T00:00:00.000,20.0,['A']
20.7,['A'],2024-09-01T00:00:00.000,20.2,['A']
20.2,['A'],2024-09-02T00:00:00.000,19.4,['A']
19.2,['A'],2024-09-03T00:00:00.000,18.6,['A']
19.3,['A'],2024-09-04T00:00:00.000,18.7,['A']
19.8,['A'],2024-09-05T00:00:00.000,19.2,['A']
19.8,['A'],2024-09-06T00:00:00.000,19.4,['A']
19.6,['A'],2024-09-07T00:00:00.000,19.2,['A']
19.6,['A'],2024-09-08T00:00:00.000,19.0,['A']
19.5,['A'],2024-09-09T00:00:00.000,18.9,['A']
19.5,['A'],2024-09-10T00:00:00.000,18.9,['A']
18.8,['A'],2024-09-11T00:00:00.000,18.3,['A']
17.9,['A'],2024-09-12T00:00:00.000,17.4,['A']
17.3,['A'],2024-09-13T00:00:00.000,16.9,['A']
17.6,['A'],2024-09-14T00:00:00.000,17.1,['A']
17.7,['A'],2024-09-15T00:00:00.000,17.2,['A']
17.7,['A'],2024-09-16T00:00:00.000,17.1,['A']
17.3,['A'],2024-09-17T00:00:00.000,16.6,['A']
16.3,['A'],2024-09-18T00:00:00.000,16.0,['A']
17.0,['A'],2024-09-19T00:00:00.000,16.3,['A']
17.1,['A'],2024-09-20T00:00:00.000,16.5,['A']
16.8,['A'],2024-09-21T00:00:00.000,16.4,['A']
16.7,['A'],2024-09-22T00:00:00.000,16.3,['A']
17.3,['A'],2024-09-23T00:00:00.000,16.6,['A']
18.2,['A'],2024-09-24T00:00:00.000,17.5,['A']
18.0,['A'],2024-09-25T00:00:00.000,17.3,['A']
16.8,['A'],2024-09-26T00:00:00.000,16.3,['A']
16.6,['A'],2024-09-27T00:00:00.000,16.2,['A']
16.8,['A'],2024-09-28T00:00:00.000,16.2,['A']
16.6,['A'],2024-09-29T00:00:00.000,16.3,['A']
16.2,['A'],2024-09-30T00:00:00.000,15.8,['A']
15.8,['A'],2024-10-01T00:00:00.000,15.4,['A']
15.7,['A'],2024-10-02T00:00:00.000,15.4,['A']
15.3,['A'],2024-10-03T00:00:00.000,15.0,['A']
15.0,['A'],2024-10-04T00:00:00.000,14.4,['A']
14.2,['A'],2024-10-05T00:00:00.000,14.0,['A']
14.7,['A'],2024-10-06T00:00:00.000,14.2,['A']
15.2,['A'],2024-10-07T00:00:00.000,14.7,['A']
15.7,['A'],2024-10-08T00:00:00.000,15.3,['A']
16.0,['A'],2024-10-09T00:00:00.000,15.7,['A']
15.6,['A'],2024-10-10T00:00:00.000,15.2,['A']
15.0,['A'],2024-10-11T00:00:00.000,14.6,['A']
15.1,['A'],2024-10-12T00:00:00.000,14.6,['A']
15.1,['A'],2024-10-13T00:00:00.000,14.8,['A']
15.4,['A'],2024-10-14T00:00:00.000,15.0,['A']
15.7,['A'],2024-10-15T00:00:00.000,15.5,['A']
15.6,['A'],2024-10-16T00:00:00.000,15.4,['A']
15.2,['A'],2024-10-17T00:00:00.000,14.9,['A']
14.5,['A'],2024-10-18T00:00:00.000,13.9,['A']
14.3,['A'],2024-10-19T00:00:00.000,13.8,['A']
14.7,['A'],2024-10-20T00:00:00.000,14.4,['A']
15.1,['A'],2024-10-21T00:00:00.000,14.7,['A']
14.5,['A'],2024-10-22T00:00:00.000,14.1,['A']
13.8,['A'],2024-10-23T00:00:00.000,13.5,['A']
13.3,['A'],2024-10-24T00:00:00.000,12.9,['A']
13.0,['A'],2024-10-25T00:00:00.000,12.6,['A']
14.0,['A'],2024-10-26T00:00:00.000,13.1,['A']
14.6,['A'],2024-10-27T00:00:00.000,14.2,['A']
14.4,['A'],2024-10-28T00:00:00.000,14.2,['A']
13.9,['A'],2024-10-29T00:00:00.000,13.4,['A']
13.0,['A'],2024-10-30T00:00:00.000,12.5,['A']
11.9,['A'],2024-10-31T00:00:00.000,11.8,['A']
11.7,['A'],2024-11-01T00:00:00.000,11.6,['A']
11.5,['A'],2024-11-02T00:00:00.000,11.4,['A']
11.5,['A'],2024-11-03T00:00:00.000,11.4,['A']
11.4,['A'],2024-11-04T00:00:00.000,11.2,['A']
10.9,['A'],2024-11-05T00:00:00.000,10.8,['A']
10.8,['A'],2024-11-06T00:00:00.000,10.7,['A']
10.6,['A'],2024-11-07T00:00:00.000,10.4,['A']
10.5,['A'],2024-11-08T00:00:00.000,10.2,['A']
10.5,['A'],2024-11-09T00:00:00.000,10.4,['A']
11.0,['A'],2024-11-10T00:00:00.000,10.8,['A']
11.3,['A'],2024-11-11T00:00:00.000,11.1,['A']
11.2,['A'],2024-11-12T00:00:00.000,11.0,['A']
10.8,['A'],2024-11-13T00:00:00.000,10.8,['A']
10.6,['A'],2024-11-14T00:00:00.000,10.4,['A']
10.2,['A'],2024-11-15T00:00:00.000,9.9,['A']
9.7,['A'],2024-11-16T00:00:00.000,9.3,['A']
9.5,['A'],2024-11-17T00:00:00.000,9.3,['A']
9.4,['A'],2024-11-18T00:00:00.000,9.0,['A']
8.6,['A'],2024-11-19T00:00:00.000,8.5,['A']
8.6,['A'],2024-11-20T00:00:00.000,8.5,['A']
8.8,['A'],2024-11-21T00:00:00.000,8.6,['A']
9.4,['A'],2024-11-22T00:00:00.000,9.0,['A']
9.4,['A'],2024-11-23T00:00:00.000,9.3,['A']
9.3,['A'],2024-11-24T00:00:00.000,9.0,['A']
9.0,['A'],2024-11-25T00:00:00.000,8.9,['A']
9.0,['A'],2024-11-26T00:00:00.000,8.8,['A']
8.7,['A'],2024-11-27T00:00:00.000,8.6,['A']
8.3,['A'],2024-11-28T00:00:00.000,8.1,['A']
8.0,['A'],2024-11-29T00:00:00.000,7.8,['A']
7.6,['A'],2024-11-30T00:00:00.000,7.4,['A']
7.1,['A'],2024-12-01T00:00:00.000,6.8,['A']
6.5,['A'],2024-12-02T00:00:00.000,6.4,['A']
6.2,['A'],2024-12-03T00:00:00.000,6.1,['A']
6.0,['A'],2024-12-04T00:00:00.000,5.9,['A']
5.8,['A'],2024-12-05T00:00:00.000,5.6,['A']
5.7,['A'],2024-12-06T00:00:00.000,5.5,['A']
6.2,['A'],2024-12-07T00:00:00.000,5.9,['A']
6.9,['A'],2024-12-08T00:00:00.000,6.6,['A']
7.0,['A'],2024-12-09T00:00:00.000,6.8,['A']
6.7,['A'],2024-12-10T00:00:00.000,6.6,['A']
6.5,['A'],2024-12-11T00:00:00.000,6.3,['A']
6.3,['A'],2024-12-12T00:00:00.000,6.2,['A']
6.9,['A'],2024-12-13T00:00:00.000,6.6,['A']
7.4,['A'],2024-12-14T00:00:00.000,7.2,['A']
7.4,['A'],2024-12-15T00:00:00.000,7.3,['A']
7.7,['A'],2024-12-16T00:00:00.000,7.5,['A']
8.3,['A'],2024-12-17T00:00:00.000,8.0,['A']
8.9,['A'],2024-12-18T00:00:00.000,8.6,['A']
9.0,['A'],2024-12-19T00:00:00.000,8.9,['A']
8.8,['A'],2024-12-20T00:00:00.000,8.7,['A']
8.7,['A'],2024-12-21T00:00:00.000,8.6,['A']
8.6,['A'],2024-12-22T00:00:00.000,8.6,['A']
8.6,['A'],2024-12-23T00:00:00.000,8.5,['A']
8.6,['A'],2024-12-24T00:00:00.000,8.5,['A']
8.6,['A'],2024-12-25T00:00:00.000,8.3,['A']
8.6,['A'],2024-12-26T00:00:00.000,8.4,['A']
8.8,['A'],2024-12-27T00:00:00.000,8.7,['A']
9.0,['A'],2024-12-28T00:00:00.000,8.8,['A']
9.0,['A'],2024-12-29T00:00:00.000,9.0,['A']
8.9,['A'],2024-12-30T00:00:00.000,8.6,['A']
8.4,['A'],2024-12-31T00:00:00.000,8.0,['A']
7.8,['A'],2025-01-01T00:00:00.000,7.7,['A']
8.2,['A'],2025-01-02T00:00:00.000,8.0,['A']
8.4,['A'],2025-01-03T00:00:00.000,8.3,['A']
8.4,['A'],2025-01-04T00:00:00.000,8.4,['A']
8.6,['A'],2025-01-05T00:00:00.000,8.4,['A']
8.8,['A'],2025-01-06T00:00:00.000,8.7,['A']
8.7,['A'],2025-01-07T00:00:00.000,8.3,['A']
8.0,['A'],2025-01-08T00:00:00.000,7.8,['A']
7.7,['A'],2025-01-09T00:00:00.000,7.5,['A']
7.5,['A'],2025-01-10T00:00:00.000,7.4,['A']
7.7,['A'],2025-01-11T00:00:00.000,7.6,['A']
7.6,['A'],2025-01-12T00:00:00.000,7.6,['A']
7.6,['A'],2025-01-13T00:00:00.000,7.3,['A']
7.2,['A'],2025-01-14T00:00:00.000,7.0,['A']
6.8,['A'],2025-01-15T00:00:00.000,6.8,['A']
6.7,['A'],2025-01-16T00:00:00.000,6.6,['A']
6.5,['A'],2025-01-17T00:00:00.000,6.5,['A']
6.5,['A'],2025-01-18T00:00:00.000,6.4,['A']
6.3,['A'],2025-01-19T00:00:00.000,5.9,['A']
5.7,['A'],2025-01-20T00:00:00.000,5.5,['A']
5.4,['A'],2025-01-21T00:00:00.000,5.3,['A']
5.4,['A'],2025-01-22T00:00:00.000,5.3,['A']
5.3,['A'],2025-01-23T00:00:00.000,5.2,['A']
5.5,['A'],2025-01-24T00:00:00.000,5.3,['A']
5.3,['A'],2025-01-25T00:00:00.000,5.2,['A']
5.1,['A'],2025-01-26T00:00:00.000,4.9,['A']
4.9,['A'],2025-01-27T00:00:00.000,4.7,['A']
4.8,['A'],2025-01-28T00:00:00.000,4.6,['A']
4.7,['A'],2025-01-29T00:00:00.000,4.6,['A']
4.9,['A'],2025-01-30T00:00:00.000,4.7,['A']
5.9,['A'],2025-01-31T00:00:00.000,5.4,['A']
6.4,['A'],2025-02-01T00:00:00.000,6.2,['A']
6.6,['A'],2025-02-02T00:00:00.000,6.5,['A']
6.3,['A'],2025-02-03T00:00:00.000,6.1,['A']
5.8,['A'],2025-02-04T00:00:00.000,5.5,['A']
5.3,['A'],2025-02-05T00:00:00.000,5.2,['A']
5.3,['A'],2025-02-06T00:00:00.000,5.2,['A']
5.4,['A'],2025-02-07T00:00:00.000,5.2,['A']
6.0,['A'],2025-02-08T00:00:00.000,5.6,['A']
6.0,['A'],2025-02-09T00:00:00.000,5.8,['A']
5.8,['A'],2025-02-10T00:00:00.000,5.7,['A']
5.5,['A'],2025-02-11T00:00:00.000,5.1,['A']
4.7,['A'],2025-02-12T00:00:00.000,4.3,['A']
4.0,['A'],2025-02-13T00:00:00.000,3.7,['A']
4.2,['A'],2025-02-14T00:00:00.000,3.8,['A']
4.9,['A'],2025-02-15T00:00:00.000,4.4,['A']
6.2,['A'],2025-02-16T00:00:00.000,5.5,['A']
7.2,['A'],2025-02-17T00:00:00.000,6.8,['A']
7.3,['A'],2025-02-18T00:00:00.000,7.1,['A']
7.9,['A'],2025-02-19T00:00:00.000,7.6,['A']
7.9,['A'],2025-02-20T00:00:00.000,7.8,['A']
7.9,['A'],2025-02-21T00:00:00.000,7.7,['A']
8.3,['A'],2025-02-22T00:00:00.000,7.8,['A']
9.5,['A'],2025-02-23T00:00:00.000,9.0,['A']
9.4,['A'],2025-02-24T00:00:00.000,8.9,['A']
9.0,['A'],2025-02-25T00:00:00.000,8.8,['A']
8.9,['A'],2025-02-26T00:00:00.000,8.6,['A']
8.7,['A'],2025-02-27T00:00:00.000,8.4,['A']
8.9,['A'],2025-02-28T00:00:00.000,8.7,['A']
9.0,['A'],2025-03-01T00:00:00.000,8.8,['A']
9.1,['A'],2025-03-02T00:00:00.000,9.0,['A']
9.2,['A'],2025-03-03T00:00:00.000,9.1,['A']
9.2,['A'],2025-03-04T00:00:00.000,9.0,['A']
9.0,['A'],2025-03-05T00:00:00.000,8.9,['A']
8.8,['A'],2025-03-06T00:00:00.000,8.6,['A']
8.9,['A'],2025-03-07T00:00:00.000,8.6,['A']
9.2,['A'],2025-03-08T00:00:00.000,8.9,['A']
9.5,['A'],2025-03-09T00:00:00.000,9.2,['A']
9.3,['A'],2025-03-10T00:00:00.000,9.2,['A']
9.3,['A'],2025-03-11T00:00:00.000,9.1,['A']
9.4,['A'],2025-03-12T00:00:00.000,9.3,['A']
9.3,['A'],2025-03-13T00:00:00.000,8.9,['A']
8.7,['A'],2025-03-14T00:00:00.000,8.2,['A']
8.0,['A'],2025-03-15T00:00:00.000,7.8,['A']
7.9,['A'],2025-03-16T00:00:00.000,7.8,['A']
8.1,['A'],2025-03-17T00:00:00.000,7.8,['A']
8.7,['A'],2025-03-18T00:00:00.000,8.2,['A']
8.7,['A'],2025-03-19T00:00:00.000,8.6,['A']
8.6,['A'],2025-03-20T00:00:00.000,8.3,['A']
8.5,['A'],2025-03-21T00:00:00.000,8.3,['A']
8.8,['A'],2025-03-22T00:00:00.000,8.4,['A']
9.4,['A'],2025-03-23T00:00:00.000,9.0,['A']
10.5,['A'],2025-03-24T00:00:00.000,9.8,['A']
11.0,['A'],2025-03-25T00:00:00.000,10.7,['A']
11.0,['A'],2025-03-26T00:00:00.000,10.8,['A']
10.9,['A'],2025-03-27T00:00:00.000,10.5,['A']
10.1,['A'],2025-03-28T00:00:00.000,9.8,['A']
9.8,['A'],2025-03-29T00:00:00.000,9.6,['A']
9.7,['A'],2025-03-30T00:00:00.000,9.3,['A']
9.1,['A'],2025-03-31T00:00:00.000,8.9,['A']
9.5,['A'],2025-04-01T00:00:00.000,9.3,['A']
9.6,['A'],2025-04-02T00:00:00.000,9.4,['A']
9.8,['A'],2025-04-03T00:00:00.000,9.5,['A']
10.2,['A'],2025-04-04T00:00:00.000,9.9,['A']
10.9,['A'],2025-04-05T00:00:00.000,10.4,['A']
11.2,['A'],2025-04-06T00:00:00.000,11.0,['A']
11.0,['A'],2025-04-07T00:00:00.000,10.9,['A']
11.0,['A'],2025-04-08T00:00:00.000,10.8,['A']
10.8,['A'],2025-04-09T00:00:00.000,10.5,['A']
11.1,['A'],2025-04-10T00:00:00.000,10.9,['A']
11.2,['A'],2025-04-11T00:00:00.000,11.0,['A']
11.2,['A'],2025-04-12T00:00:00.000,11.0,['A']
11.2,['A'],2025-04-13T00:00:00.000,10.8,['A']
11.8,['A'],2025-04-14T00:00:00.000,11.3,['A']
12.8,['A'],2025-04-15T00:00:00.000,12.2,['A']
13.3,['A'],2025-04-16T00:00:00.000,12.8,['A']
13.3,['A'],2025-04-17T00:00:00.000,12.8,['A']
13.4,['A'],2025-04-18T00:00:00.000,12.8,['A']
13.7,['A'],2025-04-19T00:00:00.000,13.1,['A']
13.2,['A'],2025-04-20T00:00:00.000,12.9,['A']
12.7,['A'],2025-04-21T00:00:00.000,12.4,['A']
12.7,['A'],2025-04-22T00:00:00.000,12.3,['A']
13.4,['A'],2025-04-23T00:00:00.000,12.7,['A']
14.0,['A'],2025-04-24T00:00:00.000,13.3,['A']
14.3,['A'],2025-04-25T00:00:00.000,13.7,['A']
14.3,['A'],2025-04-26T00:00:00.000,13.8,['A']
13.7,['A'],2025-04-27T00:00:00.000,13.3,['A']
14.0,['A'],2025-04-28T00:00:00.000,13.3,['A']
14.5,['A'],2025-04-29T00:00:00.000,13.9,['A']
14.4,['A'],2025-04-30T00:00:00.000,13.8,['A']
14.8,['A'],2025-05-01T00:00:00.000,14.1,['A']
15.5,['A'],2025-05-02T00:00:00.000,14.7,['A']
15.5,['A'],2025-05-03T00:00:00.000,14.9,['A']
15.0,['A'],2025-05-04T00:00:00.000,14.3,['A']
14.9,['A'],2025-05-05T00:00:00.000,14.2,['A']
15.7,['A'],2025-05-06T00:00:00.000,14.8,['A']
16.0,['A'],2025-05-07T00:00:00.000,15.3,['A']
16.2,['A'],2025-05-08T00:00:00.000,15.4,['A']
16.5,['A'],2025-05-09T00:00:00.000,15.6,['A']
16.2,['A'],2025-05-10T00:00:00.000,15.7,['A']
15.6,['A'],2025-05-11T00:00:00.000,15.2,['A']
14.8,['A'],2025-05-12T00:00:00.000,14.3,['A']
14.3,['A'],2025-05-13T00:00:00.000,13.8,['A']
14.7,['A'],2025-05-14T00:00:00.000,14.0,['A']
14.2,['A'],2025-05-15T00:00:00.000,13.9,['A']
13.7,['A'],2025-05-16T00:00:00.000,13.4,['A']
15.0,['A'],2025-05-17T00:00:00.000,14.1,['A']
14.1,['A'],2025-05-18T00:00:00.000,13.9,['A']
14.0,['A'],2025-05-19T00:00:00.000,13.4,['A']
14.3,['A'],2025-05-20T00:00:00.000,13.8,['A']
14.6,['A'],2025-05-21T00:00:00.000,14.0,['A']
14.5,['A'],2025-05-22T00:00:00.000,14.2,['A']
15.2,['A'],2025-05-23T00:00:00.000,14.3,['A']
16.2,['A'],2025-05-24T00:00:00.000,15.1,['A']
16.5,['A'],2025-05-25T00:00:00.000,15.8,['A']
16.6,['A'],2025-05-26T00:00:00.000,15.8,['A']
16.8,['A'],2025-05-27T00:00:00.000,15.8,['A']
18.3,['A'],2025-05-28T00:00:00.000,17.1,['A']
18.3,['A'],2025-05-29T00:00:00.000,17.6,['A']
18.4,['A'],2025-05-30T00:00:00.000,17.4,['A']
18.0,['A'],2025-05-31T00:00:00.000,17.6,['A']
18.3,['A'],2025-06-01T00:00:00.000,17.4,['A']
18.6,['A'],2025-06-02T00:00:00.000,17.6,['A']
18.9,['A'],2025-06-03T00:00:00.000,17.9,['A']
18.5,['A'],2025-06-04T00:00:00.000,18.1,['A']
18.9,['A'],2025-06-05T00:00:00.000,18.1,['A']
20.2,['A'],2025-06-06T00:00:00.000,19.1,['A']
21.3,['A'],2025-06-07T00:00:00.000,20.2,['A']
22.6,['A'],2025-06-08T00:00:00.000,21.4,['A']
23.5,['A'],2025-06-09T00:00:00.000,22.4,['A']
23.2,['A'],2025-06-10T00:00:00.000,22.4,['A']
22.2,['A'],2025-06-11T00:00:00.000,21.5,['A']
21.1,['A'],2025-06-12T00:00:00.000,20.4,['A']
20.0,['A'],2025-06-13T00:00:00.000,18.8,['A']
18.7,['A'],2025-06-14T00:00:00.000,17.9,['A']
19.2,['A'],2025-06-15T00:00:00.000,18.1,['A']
19.8,['A'],2025-06-16T00:00:00.000,18.8,['A']
20.5,['A'],2025-06-17T00:00:00.000,19.3,['A']
20.5,['A'],2025-06-18T00:00:00.000,19.7,['A']
20.1,['A'],2025-06-19T00:00:00.000,19.4,['A']
19.2,['A'],2025-06-20T00:00:00.000,18.5,['A']
17.9,['A'],2025-06-21T00:00:00.000,16.8,['A']
16.9,['A'],2025-06-22T00:00:00.000,16.1,['A']
18.4,['A'],2025-06-23T00:00:00.000,17.2,['A']
19.8,['A'],2025-06-24T00:00:00.000,18.7,['A']
19.9,['A'],2025-06-25T00:00:00.000,19.4,['A']
19.8,['A'],2025-06-26T00:00:00.000,19.3,['A']
20.1,['A'],2025-06-27T00:00:00.000,19.5,['A']
21.4,['A'],2025-06-28T00:00:00.000,20.3,['A']
22.6,['A'],2025-06-29T00:00:00.000,21.5,['A']
23.7,['A'],2025-06-30T00:00:00.000,22.6,['A']
24.1,['A'],2025-07-01T00:00:00.000,23.1,['A']
23.8,['A'],2025-07-02T00:00:00.000,23.0,['A']
23.0,['A'],2025-07-03T00:00:00.000,22.4,['A']
22.3,['A'],2025-07-04T00:00:00.000,21.6,['A']
21.6,['A'],2025-07-05T00:00:00.000,20.9,['A']
22.0,['A'],2025-07-06T00:00:00.000,21.1,['A']
22.7,['A'],2025-07-07T00:00:00.000,21.7,['A']
23.5,['A'],2025-07-08T00:00:00.000,22.5,['A']
23.6,['A'],2025-07-09T00:00:00.000,22.7,['A']
23.5,['A'],2025-07-10T00:00:00.000,22.7,['A']
23.6,['A'],2025-07-11T00:00:00.000,22.8,['A']
24.1,['A'],2025-07-12T00:00:00.000,23.2,['A']
24.7,['A'],2025-07-13T00:00:00.000,23.8,['A']
25.2,['A'],2025-07-14T00:00:00.000,24.3,['A']
24.2,['A'],2025-07-15T00:00:00.000,23.6,['A']
24.5,['A'],2025-07-16T00:00:00.000,23.6,['A']
24.3,['A'],2025-07-17T00:00:00.000,23.5,['A']
23.8,['A'],2025-07-18T00:00:00.000,23.2,['A']
23.5,['A'],2025-07-19T00:00:00.000,22.8,['A']
22.7,['A'],2025-07-20T00:00:00.000,21.8,['A']
21.6,['A'],2025-07-21T00:00:00.000,21.1,['A']
21.8,['A'],2025-07-22T00:00:00.000,21.0,['A']
22.5,['A'],2025-07-23T00:00:00.000,21.6,['A']
23.2,['A'],2025-07-24T00:00:00.000,22.3,['A']
23.2,['A'],2025-07-25T00:00:00.000,22.5,['A']
22.5,['A'],2025-07-26T00:00:00.000,22.0,['A']
22.3,['A'],2025-07-27T00:00:00.000,21.6,['A']
22.2,['A'],2025-07-28T00:00:00.000,21.5,['A']
22.6,['A'],2025-07-29T00:00:00.000,21.8,['A']
22.5,['A'],2025-07-30T00:00:00.000,22.0,['A']
22.7,['A'],2025-07-31T00:00:00.000,22.1,['A']
23.0,['A'],2025-08-01T00:00:00.000,22.3,['A']
23.1,['A'],2025-08-02T00:00:00.000,22.4,['A']
22.4,['A'],2025-08-03T00:00:00.000,21.7,['A']
21.1,['A'],2025-08-04T00:00:00.000,20.6,['A']
20.9,['A'],2025-08-05T00:00:00.000,20.2,['A']
20.5,['A'],2025-08-06T00:00:00.000,20.3,['A']
20.4,['A'],2025-08-07T00:00:00.000,20.0,['A']
20.7,['A'],2025-08-08T00:00:00.000,20.0,['A']
21.5,['A'],2025-08-09T00:00:00.000,20.6,['A']
22.4,['A'],2025-08-10T00:00:00.000,21.5,['A']
23.6,['A'],2025-08-11T00:00:00.000,22.7,['A']
24.2,['A'],2025-08-12T00:00:00.000,23.5,['A']
24.1,['A'],2025-08-13T00:00:00.000,23.5,['A']
23.4,['A'],2025-08-14T00:00:00.000,23.0,['A']
22.6,['A'],2025-08-15T00:00:00.000,21.8,['A']
21.4,['A'],2025-08-16T00:00:00.000,21.0,['A']
21.0,['A'],2025-08-17T00:00:00.000,20.6,['A']
20.7,['A'],2025-08-18T00:00:00.000,20.1,['A']
20.6,['A'],2025-08-19T00:00:00.000,19.9,['A']
21.1,['A'],2025-08-20T00:00:00.000,20.4,['A']
21.2,['A'],2025-08-21T00:00:00.000,20.6,['A']
21.6,['A'],2025-08-22T00:00:00.000,20.9,['A']
22.0,['A'],2025-08-23T00:00:00.000,21.4,['A']
22.2,['A'],2025-08-24T00:00:00.000,21.6,['A']
21.6,['A'],2025-08-25T00:00:00.000,21.3,['A']
21.3,['A'],2025-08-26T00:00:00.000,21.0,['A']
21.1,['A'],2025-08-27T00:00:00.000,20.5,['A']
21.7,['A'],2025-08-28T00:00:00.000,20.9,['A']
21.6,['A'],2025-08-29T00:00:00.000,21.1,['A']
21.0,['A'],2025-08-30T00:00:00.000,20.4,['A']
20.7,['A'],2025-08-31T00:00:00.000,20.1,['A']
20.4,['A'],2025-09-01T00:00:00.000,20.0,['A']
20.8,['A'],2025-09-02T00:00:00.000,20.3,['A']
20.7,['A'],2025-09-03T00:00:00.000,20.5,['A']
20.9,['A'],2025-09-04T00:00:00.000,20.3,['A']
21.0,['A'],2025-09-05T00:00:00.000,20.4,['A']
20.4,['A'],2025-09-06T00:00:00.000,20.0,['A']
20.1,['A'],2025-09-07T00:00:00.000,19.5,['A']
19.3,['A'],2025-09-08T00:00:00.000,18.8,['A']
18.8,['A'],2025-09-09T00:00:00.000,18.4,['A']
18.7,['A'],2025-09-10T00:00:00.000,18.3,['A']
18.1,['A'],2025-09-11T00:00:00.000,17.8,['A']
18.0,['A'],2025-09-12T00:00:00.000,17.5,['A']
18.3,['A'],2025-09-13T00:00:00.000,17.6,['A']
18.6,['A'],2025-09-14T00:00:00.000,18.1,['A']
18.4,['A'],2025-09-15T00:00:00.000,17.8,['A']
18.6,['A'],2025-09-16T00:00:00.000,17.8,['A']
18.8,['A'],2025-09-17T00:00:00.000,18.1,['A']
18.8,['A'],2025-09-18T00:00:00.000,18.3,['A']
18.7,['A'],2025-09-19T00:00:00.000,18.1,['A']
18.6,['A'],2025-09-20T00:00:00.000,18.0,['A']
18.4,['A'],2025-09-21T00:00:00.000,17.8,['A']
17.8,['A'],2025-09-22T00:00:00.000,17.2,['A']
17.8,['A'],2025-09-23T00:00:00.000,17.2,['A']
18.2,['A'],2025-09-24T00:00:00.000,17.5,['A']
18.1,['A'],2025-09-25T00:00:00.000,17.6,['A']
17.7,['A'],2025-09-26T00:00:00.000,17.2,['A']
17.2,['A'],2025-09-27T00:00:00.000,16.8,['A']
17.2,['A'],2025-09-28T00:00:00.000,16.7,['A']
16.8,['A'],2025-09-29T00:00:00.000,16.6,['A']
16.3,['A'],2025-09-30T00:00:00.000,16.0,['A']
15.8,['A'],2025-10-01T00:00:00.000,15.5,['A']
15.8,['A'],2025-10-02T00:00:00.000,15.4,['A']
16.0,['A'],2025-10-03T00:00:00.000,15.4,['A']
16.4,['A'],2025-10-04T00:00:00.000,15.9,['A']
16.8,['A'],2025-10-05T00:00:00.000,16.3,['A']
16.3,['A'],2025-10-06T00:00:00.000,15.9,['A']
16.2,['A'],2025-10-07T00:00:00.000,15.6,['A']
15.6,['A'],2025-10-08T00:00:00.000,15.3,['A']
14.9,['A'],2025-10-09T00:00:00.000,14.5,['A']
14.4,['A'],2025-10-10T00:00:00.000,14.2,['A']
14.3,['A'],2025-10-11T00:00:00.000,14.1,['A']
14.2,['A'],2025-10-12T00:00:00.000,14.0,['A']
13.7,['A'],2025-10-13T00:00:00.000,13.4,['A']
13.4,['A'],2025-10-14T00:00:00.000,13.0,['A']
13.1,['A'],2025-10-15T00:00:00.000,12.7,['A']
13.0,['A'],2025-10-16T00:00:00.000,12.7,['A']
13.6,['A'],2025-10-17T00:00:00.000,13.2,['A']
13.6,['A'],2025-10-18T00:00:00.000,13.3,['A']
14.0,['A'],2025-10-19T00:00:00.000,13.7,['A']
14.1,['A'],2025-10-20T00:00:00.000,13.7,['A']
13.7,['A'],2025-10-21T00:00:00.000,13.4,['A']
13.4,['A'],2025-10-22T00:00:00.000,13.1,['A']
13.8,['A'],2025-10-23T00:00:00.000,13.4,['A']
13.7,['A'],2025-10-24T00:00:00.000,13.5,['A']
13.4,['A'],2025-10-25T00:00:00.000,13.2,['A']
12.8,['A'],2025-10-26T00:00:00.000,12.5,['A']
12.1,['A'],2025-10-27T00:00:00.000,11.9,['A']
11.9,['A'],2025-10-28T00:00:00.000,11.7,['A']
12.6,['A'],2025-10-29T00:00:00.000,12.2,['A']
12.4,['A'],2025-10-30T00:00:00.000,12.2,['A']
12.0,['A'],2025-10-31T00:00:00.000,11.8,['A']
12.7,['A'],2025-11-01T00:00:00.000,12.4,['A']
12.6,['A'],2025-11-02T00:00:00.000,12.4,['A']
12.0,['A'],2025-11-03T00:00:00.000,11.8,['A']
12.0,['A'],2025-11-04T00:00:00.000,11.7,['A']
12.5,['A'],2025-11-05T00:00:00.000,12.3,['A']
12.8,['A'],2025-11-06T00:00:00.000,12.6,['A']
12.7,['A'],2025-11-07T00:00:00.000,12.5,['A']
12.3,['A'],2025-11-08T00:00:00.000,12.0,['A']
11.7,['A'],2025-11-09T00:00:00.000,11.5,['A']
11.6,['A'],2025-11-10T00:00:00.000,11.4,['A']
12.0,['A'],2025-11-11T00:00:00.000,11.8,['A']
12.4,['A'],2025-11-12T00:00:00.000,12.2,['A']
12.7,['A'],2025-11-13T00:00:00.000,12.4,['A']
12.8,['A'],2025-11-14T00:00:00.000,12.6,['A']
13.0,['A'],2025-11-15T00:00:00.000,12.8,['A']
12.9,['A'],2025-11-16T00:00:00.000,12.7,['A']
12.6,['A'],2025-11-17T00:00:00.000,12.3,['A']
12.0,['A'],2025-11-18T00:00:00.000,11.2,['A']
10.5,['A'],2025-11-19T00:00:00.000,10.1,['A']
9.9,['A'],2025-11-20T00:00:00.000,9.7,['A']
10.0,['A'],2025-11-21T00:00:00.000,9.7,['A']
9.6,['A'],2025-11-22T00:00:00.000,9.5,['A']
9.6,['A'],2025-11-23T00:00:00.000,9.5,['A']
10.0,['A'],2025-11-24T00:00:00.000,9.7,['A']
9.7,['A'],2025-11-25T00:00:00.000,9.5,['A']
9.7,['A'],2025-11-26T00:00:00.000,9.5,['A']
10.3,['A'],2025-11-27T00:00:00.000,10.0,['A']
10.8,['A'],2025-11-28T00:00:00.000,10.5,['A']
10.5,['A'],2025-11-29T00:00:00.000,10.1,['A']
9.8,['A'],2025-11-30T00:00:00.000,9.7,['A']
9.4,['P'],2025-12-01T00:00:00.000,9.0,['P']
8.7,['P'],2025-12-02T00:00:00.000,8.5,['P']
8.7,['P'],2025-12-03T00:00:00.000,8.5,['P']
8.5,['P'],2025-12-04T00:00:00.000,8.3,['P']
9.6,['P'],2025-12-05T00:00:00.000,9.0,['P']
9.9,['P'],2025-12-06T00:00:00.000,9.7,['P']
9.8,['P'],2025-12-07T00:00:00.000,9.7,['P']
10.5,['P'],2025-12-08T00:00:00.000,10.2,['P']
10.8,['P'],2025-12-09T00:00:00.000,10.6,['P']
11.4,['P'],2025-12-10T00:00:00.000,11.1,['P']
11.5,['P'],2025-12-11T00:00:00.000,11.4,['P']
11.4,['P'],2025-12-12T00:00:00.000,11.0,['P']
10.6,['P'],2025-12-13T00:00:00.000,10.2,['P']
9.8,['P'],2025-12-14T00:00:00.000,9.4,['P']
9.9,['P'],2025-12-15T00:00:00.000,9.6,['P']
11.1,['P'],2025-12-16T00:00:00.000,10.3,['P']
11.1,['P'],2025-12-17T00:00:00.000,10.5,['P']
10.6,['P'],2025-12-18T00:00:00.000,10.0,['P']
10.6,['P'],2025-12-19T00:00:00.000,10.4,['P']
9.9,['P'],2025-12-20T00:00:00.000,9.5,['P']
9.3,['P'],2025-12-21T00:00:00.000,9.0,['P']
9.2,['P'],2025-12-22T00:00:00.000,9.0,['P']
9.2,['P'],2025-12-23T00:00:00.000,9.1,['P']
9.1,['P'],2025-12-24T00:00:00.000,8.9,['P']
8.8,['P'],2025-12-25T00:00:00.000,8.7,['P']
8.7,['P'],2025-12-26T00:00:00.000,8.6,['P']
8.5,['P'],2025-12-27T00:00:00.000,8.4,['P']
8.2,['P'],2025-12-28T00:00:00.000,7.9,['P']
7.6,['P'],2025-12-29T00:00:00.000,7.4,['P']
7.2,['P'],2025-12-30T00:00:00.000,7.0,['P']
6.9,['P'],2025-12-31T00:00:00.000,6.8,['P']
6.9,['P'],2026-01-01T00:00:00.000,6.8,['P']
7.8,['P'],2026-01-02T00:00:00.000,7.3,['P']
8.5,['P'],2026-01-03T00:00:00.000,8.2,['P']
8.8,['P'],2026-01-04T00:00:00.000,8.7,['P']
8.7,['P'],2026-01-05T00:00:00.000,8.5,['P']
8.2,['P'],2026-01-06T00:00:00.000,7.9,['P']
7.8,['P'],2026-01-07T00:00:00.000,7.6,['P']
7.4,['P'],2026-01-08T00:00:00.000,7.2,['P']
7.2,['P'],2026-01-09T00:00:00.000,7.2,['P']
7.1,['P'],2026-01-10T00:00:00.000,7.1,['P']
7.5,['P'],2026-01-11T00:00:00.000,7.3,['P']
7.5,['P'],2026-01-12T00:00:00.000,7.4,['P']
7.3,['P'],2026-01-13T00:00:00.000,7.1,['P']
6.9,"['P', '[4]']",2026-01-15T00:00:00.000,,
6.8,['P'],2026-01-16T00:00:00.000,6.6,['P']
6.6,['P'],2026-01-17T00:00:00.000,6.5,['P']
6.4,['P'],2026-01-18T00:00:00.000,6.2,['P']
6.0,['P'],2026-01-19T00:00:00.000,5.9,['P']
5.7,['P'],2026-01-20T00:00:00.000,5.6,['P']
5.4,['P'],2026-01-21T00:00:00.000,5.2,['P']
5.1,['P'],2026-01-22T00:00:00.000,5.0,['P']
5.5,['P'],2026-01-23T00:00:00.000,5.2,['P']
5.3,['P'],2026-01-24T00:00:00.000,5.1,['P']
4.9,['P'],2026-01-25T00:00:00.000,4.6,['P']
4.5,['P'],2026-01-26T00:00:00.000,4.4,['P']
4.9,['P'],2026-01-27T00:00:00.000,4.6,['P']
5.9,['P'],2026-01-28T00:00:00.000,5.3,['P']
6.8,['P'],2026-01-29T00:00:00.000,6.4,['P']
7.4,['P'],2026-01-30T00:00:00.000,7.1,['P']
7.8,['P'],2026-01-31T00:00:00.000,7.6,['P']
8.6,['P'],2026-02-01T00:00:00.000,8.0,['P']
8.6,['P'],2026-02-02T00:00:00.000,8.3,['P']
8.5,['P'],2026-02-03T00:00:00.000,8.2,['P']
8.7,['P'],2026-02-04T00:00:00.000,8.2,['P']
8.4,['P'],2026-02-05T00:00:00.000,8.1,['P']
8.2,['P'],2026-02-06T00:00:00.000,7.9,['P']
8.1,['P'],2026-02-07T00:00:00.000,7.9,['P']
8.5,['P'],2026-02-08T00:00:00.000,8.2,['P']
8.6,['P'],2026-02-09T00:00:00.000,8.4,['P']
8.5,['P'],2026-02-10T00:00:00.000,8.4,['P']
8.2,['P'],2026-02-11T00:00:00.000,7.8,['P']
7.7,['P'],2026-02-12T00:00:00.000,7.5,['P']
7.8,['P'],2026-02-13T00:00:00.000,7.7,['P']
8.0,['P'],2026-02-14T00:00:00.000,7.8,['P']
8.1,['P'],2026-02-15T00:00:00.000,7.9,['P']
8.2,['P'],2026-02-16T00:00:00.000,8.0,['P']
7.8,['P'],2026-02-17T00:00:00.000,7.5,['P']
7.2,['P'],2026-02-18T00:00:00.000,7.0,['P']
7.0,['P'],2026-02-19T00:00:00.000,6.9,['P']
7.0,['P'],2026-02-20T00:00:00.000,6.8,['P']
7.4,['P'],2026-02-21T00:00:00.000,7.0,['P']
8.0,['P'],2026-02-22T00:00:00.000,7.7,['P']
8.4,['P'],2026-02-23T00:00:00.000,8.2,['P']
8.3,['P'],2026-02-24T00:00:00.000,8.0,['P']
8.7,['P'],2026-02-25T00:00:00.000,8.5,['P']
8.7,['P'],2026-02-26T00:00:00.000,8.5,['P']
8.4,['P'],2026-02-27T00:00:00.000,8.1,['P']
8.1,['P'],2026-02-28T00:00:00.000,8.0,['P']
8.2,['P'],2026-03-01T00:00:00.000,8.1,['P']
9.2,['P'],2026-03-02T00:00:00.000,8.7,['P']
9.8,['P'],2026-03-03T00:00:00.000,9.5,['P']
10.2,['P'],2026-03-04T00:00:00.000,10.0,['P']
10.0,['P'],2026-03-05T00:00:00.000,9.8,['P']
9.6,['P'],2026-03-06T00:00:00.000,9.3,['P']
10.2,['P'],2026-03-07T00:00:00.000,9.7,['P']
10.5,['P'],2026-03-08T00:00:00.000,10.3,['P']
10.2,['P'],2026-03-09T00:00:00.000,9.9,['P']
9.5,['P'],2026-03-10T00:00:00.000,9.3,['P']
9.0,['P'],2026-03-11T00:00:00.000,8.8,['P']
9.4,['P'],2026-03-12T00:00:00.000,9.1,['P']
10.2,['P'],2026-03-13T00:00:00.000,9.6,['P']
10.4,['P'],2026-03-14T00:00:00.000,10.2,['P']
9.9,['P'],2026-03-15T00:00:00.000,9.3,['P']
9.8,['P'],2026-03-16T00:00:00.000,9.3,['P']
10.7,['P'],2026-03-17T00:00:00.000,10.1,['P']
11.0,['P'],2026-03-18T00:00:00.000,10.8,['P']
11.4,['P'],2026-03-19T00:00:00.000,11.1,['P']
11.4,['P'],2026-03-20T00:00:00.000,11.3,['P']
11.9,['P'],2026-03-21T00:00:00.000,11.5,['P']
11.6,['P'],2026-03-22T00:00:00.000,11.2,['P']
11.1,['P'],2026-03-23T00:00:00.000,10.9,['P']
10.9,['P'],2026-03-24T00:00:00.000,10.8,['P']
11.0,['P'],2026-03-25T00:00:00.000,10.7,['P']
11.0,['P'],2026-03-26T00:00:00.000,10.6,['P']
11.2,['P'],2026-03-27T00:00:00.000,10.6,['P']
11.8,['P'],2026-03-28T00:00:00.000,11.1,['P']
11.3,['P'],2026-03-29T00:00:00.000,11.1,['P']
10.9,['P'],2026-03-30T00:00:00.000,10.5,['P']
11.2,['P'],2026-03-31T00:00:00.000,10.8,['P']
11.0,['P'],2026-04-01T00:00:00.000,10.7,['P']
10.8,['P'],2026-04-02T00:00:00.000,10.4,['P']
10.9,['P'],2026-04-03T00:00:00.000,10.5,['P']
11.8,['P'],2026-04-04T00:00:00.000,11.1,['P']
12.9,['P'],2026-04-05T00:00:00.000,12.1,['P']
14.0,['P'],2026-04-06T00:00:00.000,13.2,['P']
14.2,['P'],2026-04-07T00:00:00.000,13.6,['P']
14.1,['P'],2026-04-08T00:00:00.000,13.4,['P']
14.4,['P'],2026-04-09T00:00:00.000,13.7,['P']
15.2,['P'],2026-04-10T00:00:00.000,14.4,['P']
14.9,['P'],2026-04-11T00:00:00.000,14.5,['P']
14.2,['P'],2026-04-12T00:00:00.000,13.5,['P']
12.7,['P'],2026-04-13T00:00:00.000,12.5,['P']
12.3,['P'],2026-04-14T00:00:00.000,11.9,['P']
11.4,['P'],2026-04-15T00:00:00.000,11.1,['P']
11.0,['P'],2026-04-16T00:00:00.000,10.6,['P']
11.2,['P'],2026-04-17T00:00:00.000,10.8,['P']
12.0,['P'],2026-04-18T00:00:00.000,11.4,['P']
13.1,['P'],2026-04-19T00:00:00.000,12.5,['P']
13.3,['P'],2026-04-20T00:00:00.000,13.0,['P']
13.0,['P'],2026-04-21T00:00:00.000,12.9,['P']
12.8,['P'],2026-04-22T00:00:00.000,12.4,['P']
12.1,['P'],2026-04-23T00:00:00.000,11.9,['P']
12.9,['P'],2026-04-24T00:00:00.000,12.3,['P']
13.7,['P'],2026-04-25T00:00:00.000,13.0,['P']
14.3,['P'],2026-04-26T00:00:00.000,13.6,['P']
13.8,['P'],2026-04-27T00:00:00.000,13.4,['P']
13.8,['P'],2026-04-28T00:00:00.000,13.2,['P']
14.1,['P'],2026-04-29T00:00:00.000,13.3,['P']
15.4,['P'],2026-04-30T00:00:00.000,14.4,['P']
16.2,['P'],2026-05-01T00:00:00.000,15.3,['P']
16.2,['P'],2026-05-02T00:00:00.000,15.7,['P']
17.2,['P'],2026-05-03T00:00:00.000,16.4,['P']
17.9,['P'],2026-05-04T00:00:00.000,17.0,['P']
17.2,['P'],2026-05-05T00:00:00.000,16.6,['P']
16.9,['P'],2026-05-06T00:00:00.000,16.3,['P']
17.5,['P'],2026-05-07T00:00:00.000,16.6,['P']
17.8,['P'],2026-05-08T00:00:00.000,17.1,['P']
17.9,['P'],2026-05-09T00:00:00.000,17.2,['P']
18.0,['P'],2026-05-10T00:00:00.000,17.3,['P']
18.1,['P'],2026-05-11T00:00:00.000,17.3,['P']
18.8,['P'],2026-05-12T00:00:00.000,18.0,['P']
18.1,['P'],2026-05-13T00:00:00.000,17.7,['P']
17.4,['P'],2026-05-14T00:00:00.000,16.8,['P']
16.2,['P'],2026-05-15T00:00:00.000,15.8,['P']
15.9,['P'],2026-05-16T00:00:00.000,15.2,['P']
16.2,['P'],2026-05-17T00:00:00.000,15.4,['P']
16.8,['P'],2026-05-18T00:00:00.000,15.9,['P']
17.3,['P'],2026-05-19T00:00:00.000,16.4,['P']
18.1,['P'],2026-05-20T00:00:00.000,17.2,['P']
18.9,['P'],2026-05-21T00:00:00.000,17.9,['P']
19.6,['P'],2026-05-22T00:00:00.000,18.6,['P']
20.0,['P'],2026-05-23T00:00:00.000,19.2,['P']
20.1,['P'],2026-05-24T00:00:00.000,19.2,['P']
19.3,['P'],2026-05-25T00:00:00.000,18.4,['P']
17.5,['P'],2026-05-26T00:00:00.000,16.9,['P']
17.8,['P'],2026-05-27T00:00:00.000,16.7,['P']
19.1,['P'],2026-05-28T00:00:00.000,18.0,['P']
18.6,['P'],2026-05-29T00:00:00.000,17.9,['P']
17.3,['P'],2026-05-30T00:00:00.000,16.7,['P']
17.5,['P'],2026-05-31T00:00:00.000,16.6,['P']
18.6,['P'],2026-06-01T00:00:00.000,17.5,['P']
