time,temperature_2m_max,temperature_2m_min,temperature_2m_mean,dewpoint_2m_max
2022-06-01,74.8,50.7,61.7,59.8
2022-06-02,75.0,51.3,62.7,58.8
2022-06-03,62.0,52.8,56.8,54.8
2022-06-04,61.5,52.0,56.2,58.6
2022-06-05,64.4,52.7,58.5,56.5
2022-06-06,62.0,48.0,55.6,52.1
2022-06-07,69.1,46.8,58.5,56.2
2022-06-08,70.2,55.0,61.4,53.7
2022-06-09,69.1,49.3,58.5,60.8
2022-06-10,69.1,55.5,60.4,61.8
2022-06-11,67.3,53.4,59.4,58.6
2022-06-12,58.1,47.7,51.9,52.1
2022-06-13,59.4,47.0,52.6,47.2
2022-06-14,62.2,48.0,55.2,48.9
2022-06-15,65.6,45.9,55.9,52.8
2022-06-16,65.0,50.3,57.8,51.3
2022-06-17,60.6,50.0,53.9,54.7
2022-06-18,61.6,45.9,53.6,51.7
2022-06-19,62.3,50.5,55.6,51.4
2022-06-20,71.1,49.6,58.9,55.8
2022-06-21,79.0,50.2,64.3,61.2
2022-06-22,75.7,55.0,64.4,59.3
2022-06-23,73.4,46.6,59.4,48.5
2022-06-24,79.7,47.3,63.8,51.7
2022-06-25,89.2,58.9,73.7,54.2
2022-06-26,94.7,63.5,78.1,66.8
2022-06-27,89.4,60.2,73.3,58.5
2022-06-28,71.1,54.0,61.3,51.5
2022-06-29,75.8,49.5,62.7,58.3
2022-06-30,79.1,51.2,65.2,61.0
2022-07-01,78.5,54.1,65.9,55.2
2022-07-02,74.8,51.6,62.6,55.5
2022-07-03,72.2,56.4,63.4,51.3
2022-07-04,75.3,51.1,63.5,52.5
2022-07-05,72.3,56.2,63.4,64.0
2022-07-06,75.9,58.5,66.1,60.2
2022-07-07,75.2,55.7,65.0,56.8
2022-07-08,80.1,56.7,67.7,56.5
2022-07-09,81.1,55.0,67.2,54.7
2022-07-10,79.5,53.2,67.0,54.8
2022-07-11,95.0,59.5,77.4,57.6
2022-07-12,92.6,63.6,77.6,56.9
2022-07-13,80.9,55.7,67.6,51.3
2022-07-14,85.5,53.8,68.5,54.8
2022-07-15,82.5,53.1,67.0,56.2
2022-07-16,76.3,59.8,66.8,56.4
2022-07-17,81.1,58.5,66.4,50.7
2022-07-18,81.4,53.2,66.6,53.7
2022-07-19,91.6,57.1,73.9,58.1
2022-07-20,92.2,60.8,76.0,60.0
2022-07-21,87.8,58.4,70.2,58.1
2022-07-22,79.9,54.3,66.3,53.8
2022-07-23,80.7,53.0,65.9,52.4
2022-07-24,94.4,57.3,74.3,56.6
2022-07-25,101.2,65.6,82.9,60.0
2022-07-26,101.1,64.0,82.2,60.4
2022-07-27,99.2,62.1,79.7,61.5
2022-07-28,100.3,65.6,82.3,63.7
2022-07-29,101.8,68.3,85.3,63.7
2022-07-30,102.7,70.9,86.2,64.2
2022-07-31,102.7,69.0,84.6,59.5
2022-08-01,89.7,64.1,74.6,60.2
2022-08-02,89.2,60.5,74.2,57.9
2022-08-03,84.5,60.1,70.4,51.6
2022-08-04,77.7,56.9,65.9,52.2
2022-08-05,84.2,54.0,68.6,51.5
2022-08-06,92.9,55.6,74.1,52.0
2022-08-07,99.9,62.1,80.7,53.0
2022-08-08,86.5,59.7,71.3,55.5
2022-08-09,87.6,58.9,70.4,60.3
2022-08-10,84.1,59.6,67.4,55.7
2022-08-11,87.3,56.8,70.2,57.2
2022-08-12,80.9,55.8,65.7,54.1
2022-08-13,80.9,56.2,67.7,54.5
2022-08-14,85.1,55.0,70.5,56.0
2022-08-15,89.8,57.1,73.1,57.5
2022-08-16,91.5,59.5,74.2,58.0
2022-08-17,102.0,64.6,81.3,62.5
2022-08-18,97.5,70.2,82.9,62.2
2022-08-19,83.6,62.4,71.3,59.5
2022-08-20,83.3,58.4,69.7,57.0
2022-08-21,90.1,57.1,72.8,61.2
2022-08-22,86.2,62.1,73.4,58.4
2022-08-23,86.5,60.8,72.8,58.5
2022-08-24,95.0,61.5,75.8,63.0
2022-08-25,93.9,61.9,76.2,60.3
2022-08-26,85.1,60.5,70.1,58.4
2022-08-27,76.9,57.8,65.7,56.5
2022-08-28,80.3,53.8,66.2,53.5
2022-08-29,94.5,57.9,75.2,57.7
2022-08-30,96.1,61.0,77.8,59.5
2022-08-31,91.5,61.2,73.6,57.2
2022-09-01,92.4,56.2,72.4,55.1
2022-09-02,89.5,59.1,71.1,56.2
2022-09-03,77.8,57.6,66.5,55.2
2022-09-04,83.4,53.5,67.7,58.7
2022-09-05,81.7,54.3,67.3,56.5
2022-09-06,92.8,53.5,72.8,51.0
2022-09-07,86.0,59.7,70.8,52.2
2022-09-08,81.9,50.5,65.0,49.0
2022-09-09,90.7,57.7,73.4,44.9
2022-09-10,99.9,68.7,80.8,41.5
2022-09-11,88.2,63.9,73.4,55.2
2022-09-12,79.2,59.7,67.1,61.2
2022-09-13,73.2,56.0,64.6,54.3
2022-09-14,74.1,55.5,64.5,53.8
2022-09-15,72.3,54.7,63.8,53.9
2022-09-16,69.4,56.7,61.8,51.0
2022-09-17,70.4,49.9,59.9,52.7
2022-09-18,80.2,55.8,65.7,54.5
2022-09-19,83.5,51.7,67.5,51.0
2022-09-20,84.1,53.5,68.0,49.0
2022-09-21,78.3,52.8,63.7,56.0
2022-09-22,74.8,54.8,62.8,56.4
2022-09-23,74.5,48.2,61.0,51.4
2022-09-24,79.2,52.9,64.5,53.6
2022-09-25,88.0,50.4,68.2,52.8
2022-09-26,86.8,54.0,69.0,57.0
2022-09-27,77.4,54.6,64.2,55.8
2022-09-28,72.5,55.1,60.5,57.7
2022-09-29,69.2,56.1,61.2,61.4
2022-09-30,74.8,51.7,60.7,55.0
2022-10-01,83.1,57.3,68.2,54.0
2022-10-02,84.1,55.7,68.3,61.2
2022-10-03,81.5,51.9,63.3,57.0
2022-10-04,72.1,52.2,59.5,56.8
2022-10-05,75.6,53.1,61.3,58.5
2022-10-06,81.1,53.0,64.2,62.6
2022-10-07,79.3,53.2,63.4,58.9
2022-10-08,84.1,50.7,65.3,56.8
2022-10-09,85.1,51.3,66.8,57.4
2022-10-10,77.0,50.3,63.7,55.9
2022-10-11,69.7,51.3,60.2,55.8
2022-10-12,78.4,47.0,61.8,54.4
2022-10-13,81.2,48.7,63.7,52.4
2022-10-14,81.3,48.6,65.0,50.5
2022-10-15,85.7,55.9,69.6,47.1
2022-10-16,80.0,54.9,65.1,52.4
2022-10-17,69.3,49.8,57.8,52.4
2022-10-18,74.5,46.8,58.3,52.3
2022-10-19,77.1,49.1,60.4,58.6
2022-10-20,70.8,46.1,57.9,56.7
2022-10-21,54.5,45.5,50.1,53.1
2022-10-22,58.8,42.8,49.3,46.4
2022-10-23,58.5,39.9,48.3,45.8
2022-10-24,56.0,46.0,49.4,52.6
2022-10-25,54.0,42.6,47.3,48.6
2022-10-26,56.4,41.3,47.8,46.4
2022-10-27,59.8,39.7,48.5,46.2
2022-10-28,52.5,46.9,49.8,52.1
2022-10-29,58.2,47.9,52.5,52.9
2022-10-30,56.7,45.6,51.1,50.5
2022-10-31,54.7,47.1,51.6,53.1
2022-11-01,51.1,40.5,45.2,45.5
2022-11-02,46.6,37.0,40.3,40.5
2022-11-03,46.4,35.6,41.3,41.0
2022-11-04,55.5,43.5,51.2,54.8
2022-11-05,55.8,42.1,47.3,54.0
2022-11-06,43.2,36.8,40.8,42.4
2022-11-07,46.4,35.0,39.1,39.8
2022-11-08,49.4,34.4,41.0,40.1
2022-11-09,47.7,28.2,38.0,40.8
2022-11-10,48.9,30.9,38.5,40.6
2022-11-11,47.7,32.8,40.0,42.4
2022-11-12,49.5,34.2,40.7,37.4
2022-11-13,46.7,30.6,37.0,37.0
2022-11-14,49.2,35.2,40.9,34.8
2022-11-15,50.1,34.9,40.3,37.0
2022-11-16,48.5,30.9,37.4,35.2
2022-11-17,48.1,30.0,37.4,29.7
2022-11-18,46.8,31.7,38.0,27.6
2022-11-19,46.8,29.4,35.3,31.1
2022-11-20,45.0,25.1,33.8,33.7
2022-11-21,48.5,31.4,38.9,36.0
2022-11-22,53.0,33.4,43.5,51.3
2022-11-23,48.4,36.2,41.0,44.6
2022-11-24,51.4,33.1,39.7,43.2
2022-11-25,44.2,30.5,37.1,40.1
2022-11-26,44.8,32.3,38.0,41.3
2022-11-27,45.7,37.8,41.6,43.4
2022-11-28,45.2,27.1,37.5,39.5
2022-11-29,39.8,26.9,35.1,38.8
2022-11-30,45.2,38.0,42.2,44.6
2022-12-01,38.1,28.5,34.0,37.3
2022-12-02,45.9,28.7,37.5,31.0
2022-12-03,42.9,31.9,37.1,28.8
2022-12-04,37.1,34.2,35.7,33.7
2022-12-05,43.3,26.6,34.0,37.4
2022-12-06,39.7,29.0,34.5,36.5
2022-12-07,42.3,32.2,36.4,35.4
2022-12-08,44.5,37.1,40.5,40.7
2022-12-09,43.6,36.0,39.3,42.4
2022-12-10,46.8,42.5,44.7,43.7
2022-12-11,44.2,37.4,40.9,41.4
2022-12-12,43.9,32.0,38.9,41.5
2022-12-13,42.2,29.9,35.9,36.8
2022-12-14,41.0,28.4,34.3,35.5
2022-12-15,44.2,29.8,35.4,31.9
2022-12-16,41.2,28.3,34.1,29.8
2022-12-17,42.6,21.9,31.4,32.8
2022-12-18,43.6,34.5,38.2,38.1
2022-12-19,40.5,32.1,36.2,38.8
2022-12-20,45.1,33.6,40.6,44.8
2022-12-21,40.1,23.1,33.0,38.8
2022-12-22,25.8,19.2,21.3,18.9
2022-12-23,31.5,21.1,26.9,31.3
2022-12-24,47.8,30.6,39.5,47.7
2022-12-25,52.1,41.4,45.7,51.3
2022-12-26,55.0,44.6,51.9,53.2
2022-12-27,53.4,43.0,47.5,52.2
2022-12-28,46.2,39.1,42.2,43.7
2022-12-29,48.7,37.8,43.5,46.3
2022-12-30,49.5,43.9,46.5,48.0
2022-12-31,49.4,36.0,43.5,44.8
2023-01-01,44.9,33.1,38.6,39.2
2023-01-02,45.4,31.5,37.8,40.0
2023-01-03,46.8,35.5,41.9,42.0
2023-01-04,46.4,35.1,41.1,40.1
2023-01-05,55.4,43.6,47.9,45.5
2023-01-06,50.2,38.7,44.8,46.5
2023-01-07,51.3,39.7,44.6,47.1
2023-01-08,47.4,40.2,43.7,44.2
2023-01-09,49.9,38.7,44.7,45.2
2023-01-10,52.1,37.8,43.4,42.4
2023-01-11,51.3,40.2,45.4,46.0
2023-01-12,52.8,44.7,48.1,51.4
2023-01-13,51.4,46.7,49.0,50.5
2023-01-14,50.5,42.3,46.6,47.0
2023-01-15,47.8,41.8,44.0,43.3
2023-01-16,47.4,34.4,40.6,41.1
2023-01-17,45.6,40.4,42.9,42.2
2023-01-18,44.9,34.6,41.6,42.4
2023-01-19,43.4,33.1,37.1,38.1
2023-01-20,45.0,30.0,35.0,37.1
2023-01-21,44.0,27.5,34.8,40.9
2023-01-22,45.1,27.7,36.9,39.4
2023-01-23,47.7,29.2,37.8,40.5
2023-01-24,48.4,29.8,36.0,39.4
2023-01-25,48.9,34.2,40.0,40.3
2023-01-26,46.4,32.0,38.5,40.0
2023-01-27,50.7,36.9,43.3,44.3
2023-01-28,45.6,35.9,41.1,40.1
2023-01-29,36.5,25.1,30.5,29.6
2023-01-30,38.8,23.3,28.9,19.2
2023-01-31,40.8,24.1,32.1,28.1
2023-02-01,48.6,25.4,33.4,28.2
2023-02-02,47.7,22.7,34.0,27.0
2023-02-03,48.6,29.1,39.1,44.9
2023-02-04,47.8,41.0,43.7,47.1
2023-02-05,48.9,40.1,43.7,45.0
2023-02-06,48.9,37.1,42.7,42.3
2023-02-07,47.2,37.6,42.6,45.9
2023-02-08,48.6,31.8,39.7,41.0
2023-02-09,52.6,33.0,41.2,41.9
2023-02-10,52.2,39.5,45.4,44.9
2023-02-11,51.1,32.9,40.1,39.2
2023-02-12,50.9,29.3,38.5,40.8
2023-02-13,44.2,34.1,40.3,41.5
2023-02-14,43.7,31.4,35.7,33.7
2023-02-15,43.3,23.9,31.8,34.5
2023-02-16,43.2,27.0,33.8,36.6
2023-02-17,50.3,29.3,39.1,40.7
2023-02-18,47.0,38.3,41.4,42.0
2023-02-19,48.4,33.4,40.9,40.5
2023-02-20,48.4,43.3,45.6,43.5
2023-02-21,46.8,34.4,40.5,43.5
2023-02-22,36.6,31.9,33.9,34.2
2023-02-23,33.3,21.1,28.3,30.5
2023-02-24,35.1,19.4,25.4,20.4
2023-02-25,44.5,17.7,29.0,28.7
2023-02-26,41.9,32.8,36.3,35.7
2023-02-27,42.2,30.9,35.7,36.2
2023-02-28,36.0,27.7,33.2,33.9
2023-03-01,43.2,25.6,33.2,35.2
2023-03-02,46.6,34.3,39.0,41.6
2023-03-03,43.2,32.0,36.8,37.8
2023-03-04,43.9,34.6,37.5,37.0
2023-03-05,44.2,30.8,35.8,37.0
2023-03-06,48.4,33.9,38.5,37.9
2023-03-07,47.8,30.4,37.5,37.7
2023-03-08,46.4,30.9,36.3,36.0
2023-03-09,43.8,35.3,39.2,42.9
2023-03-10,45.0,34.1,39.7,38.3
2023-03-11,50.6,34.3,41.1,40.5
2023-03-12,51.6,30.8,40.8,48.7
2023-03-13,48.7,36.2,43.2,47.6
2023-03-14,51.5,32.0,40.3,36.9
2023-03-15,49.4,33.1,40.5,37.1
2023-03-16,59.1,31.7,43.7,39.3
2023-03-17,58.2,33.5,44.7,47.8
2023-03-18,62.9,35.1,48.2,49.9
2023-03-19,51.2,42.3,46.7,48.2
2023-03-20,50.7,39.3,44.8,45.4
2023-03-21,59.1,35.4,46.3,42.6
2023-03-22,59.1,37.3,47.1,47.2
2023-03-23,44.7,36.3,41.2,40.6
2023-03-24,45.8,33.7,37.9,37.2
2023-03-25,45.4,28.6,36.3,37.9
2023-03-26,44.7,27.8,35.9,38.6
2023-03-27,51.8,31.4,40.8,38.8
2023-03-28,48.9,35.2,41.5,45.6
2023-03-29,55.7,32.4,42.2,42.9
2023-03-30,51.1,35.2,42.5,42.5
2023-03-31,45.0,40.8,42.9,42.9
2023-04-01,48.7,36.0,42.1,42.3
2023-04-02,46.5,33.3,39.1,37.5
2023-04-03,48.8,29.7,37.9,36.2
2023-04-04,46.8,31.9,38.4,39.0
2023-04-05,48.7,29.9,39.7,43.5
2023-04-06,52.4,42.3,47.3,52.3
2023-04-07,55.2,40.6,48.2,47.8
2023-04-08,54.1,39.7,47.3,45.7
2023-04-09,52.8,47.2,49.8,52.0
2023-04-10,49.5,41.5,46.3,49.3
2023-04-11,50.1,38.5,43.3,40.4
2023-04-12,48.6,34.3,40.7,41.5
2023-04-13,51.7,30.4,41.8,38.1
2023-04-14,56.8,33.6,44.5,43.8
2023-04-15,55.6,35.5,45.0,46.3
2023-04-16,49.6,38.9,43.8,44.7
2023-04-17,47.8,37.9,42.2,40.2
2023-04-18,47.5,34.6,39.9,39.6
2023-04-19,48.2,35.9,41.3,38.5
2023-04-20,45.0,34.2,41.0,44.4
2023-04-21,54.7,43.6,47.7,47.2
2023-04-22,64.4,45.5,53.6,55.0
2023-04-23,54.4,46.8,50.3,50.4
2023-04-24,55.9,42.5,49.0,44.0
2023-04-25,63.1,40.7,51.0,49.4
2023-04-26,73.2,42.6,57.7,61.8
2023-04-27,74.9,48.0,60.7,58.6
2023-04-28,83.7,52.6,66.8,64.4
2023-04-29,75.5,51.2,61.0,55.3
2023-04-30,60.9,46.0,53.0,48.3
2023-05-01,58.8,46.5,51.8,44.8
2023-05-02,66.0,43.5,54.5,53.5
2023-05-03,68.5,46.8,56.5,53.1
2023-05-04,53.9,44.3,49.1,49.8
2023-05-05,55.1,46.9,50.7,49.8
2023-05-06,59.4,46.8,52.1,49.7
2023-05-07,60.8,41.2,50.9,44.2
2023-05-08,59.8,44.5,51.2,51.7
2023-05-09,62.9,41.1,52.5,48.6
2023-05-10,69.3,44.9,56.8,53.9
2023-05-11,73.4,46.0,58.7,59.3
2023-05-12,82.2,47.3,64.0,57.5
2023-05-13,88.2,55.4,71.1,55.2
2023-05-14,87.9,61.1,73.9,55.2
2023-05-15,82.8,60.7,70.9,57.5
2023-05-16,82.8,53.5,67.5,58.7
2023-05-17,87.3,56.0,71.5,61.6
2023-05-18,78.0,55.1,65.8,59.2
2023-05-19,82.6,52.9,67.1,65.2
2023-05-20,82.9,55.8,67.1,55.5
2023-05-21,70.3,52.0,60.5,48.9
2023-05-22,62.7,46.3,55.1,46.8
2023-05-23,67.3,41.7,54.9,43.3
2023-05-24,72.5,44.4,59.5,47.4
2023-05-25,79.9,48.6,65.0,49.3
2023-05-26,82.5,54.2,68.2,53.1
2023-05-27,74.0,54.8,62.9,52.7
2023-05-28,72.9,46.8,59.4,47.3
2023-05-29,78.5,47.6,61.4,49.8
2023-05-30,67.6,47.2,56.6,43.2
2023-05-31,64.8,42.5,54.5,40.0
2023-06-01,70.6,42.4,57.5,43.7
2023-06-02,75.4,46.0,59.6,46.0
2023-06-03,78.4,47.0,61.9,48.3
2023-06-04,75.6,48.6,61.1,44.4
2023-06-05,81.2,51.9,66.1,39.8
2023-06-06,91.1,53.3,72.1,49.6
2023-06-07,81.5,55.3,67.5,53.0
2023-06-08,77.1,51.2,62.6,51.5
2023-06-09,60.8,54.5,56.8,56.0
2023-06-10,75.1,50.4,61.7,53.8
2023-06-11,80.5,52.7,65.7,54.6
2023-06-12,88.0,55.7,71.6,57.0
2023-06-13,75.7,54.1,64.4,54.4
2023-06-14,69.8,50.2,58.3,45.4
2023-06-15,75.2,46.0,60.6,47.6
2023-06-16,81.3,51.2,65.8,55.0
2023-06-17,71.1,53.3,61.1,54.0
2023-06-18,61.4,48.8,54.5,45.0
2023-06-19,61.1,42.7,52.5,46.2
2023-06-20,66.9,46.2,56.2,49.1
2023-06-21,75.9,47.8,62.2,49.4
2023-06-22,85.4,54.9,70.4,51.4
2023-06-23,82.2,56.2,68.4,52.4
2023-06-24,81.1,50.1,65.8,50.7
2023-06-25,83.8,52.5,68.0,49.2
2023-06-26,81.3,53.2,66.2,50.6
2023-06-27,81.2,52.9,66.4,54.5
2023-06-28,84.7,55.5,69.6,55.9
2023-06-29,87.3,56.8,71.7,56.0
2023-06-30,86.2,58.2,71.0,54.5
2023-07-01,84.3,54.1,68.2,48.3
2023-07-02,85.6,55.8,69.8,50.6
2023-07-03,88.0,55.1,72.7,48.1
2023-07-04,94.7,58.3,77.7,50.0
2023-07-05,96.3,61.4,80.1,49.1
2023-07-06,89.3,59.1,73.2,53.5
2023-07-07,80.7,54.0,65.5,53.4
2023-07-08,80.1,52.4,65.0,52.9
2023-07-09,83.0,53.1,67.1,54.0
2023-07-10,78.3,51.8,64.0,52.2
2023-07-11,81.1,54.8,67.7,54.7
2023-07-12,83.3,58.8,70.0,55.6
2023-07-13,85.3,58.4,71.8,65.5
2023-07-14,92.0,60.3,76.4,54.9
2023-07-15,97.4,61.2,78.8,53.8
2023-07-16,90.4,60.6,73.9,54.0
2023-07-17,78.7,59.5,68.6,54.6
2023-07-18,87.5,54.8,70.9,51.5
2023-07-19,95.1,58.2,75.3,57.6
2023-07-20,86.5,58.6,70.8,55.8
2023-07-21,86.9,57.7,72.2,57.2
2023-07-22,89.2,61.6,74.9,56.9
2023-07-23,88.0,60.7,72.2,55.2
2023-07-24,76.6,55.9,65.4,58.0
2023-07-25,79.8,62.2,69.3,58.1
2023-07-26,83.0,55.1,69.0,50.9
2023-07-27,82.9,55.7,68.7,53.2
2023-07-28,82.8,55.6,68.3,53.7
2023-07-29,81.5,55.4,67.1,52.8
2023-07-30,80.5,55.9,67.5,51.8
2023-07-31,83.0,54.0,68.9,51.1
2023-08-01,86.9,56.0,71.5,52.0
2023-08-02,87.9,57.4,72.7,52.2
2023-08-03,86.4,58.0,72.1,55.8
2023-08-04,88.7,60.2,73.4,53.8
2023-08-05,89.2,62.8,73.2,60.3
2023-08-06,87.8,62.6,73.4,61.0
2023-08-07,82.7,63.7,72.1,59.4
2023-08-08,85.8,58.3,71.4,57.2
2023-08-09,81.5,60.3,70.0,59.1
2023-08-10,81.4,59.5,69.4,57.2
2023-08-11,84.1,58.5,71.1,55.9
2023-08-12,88.9,59.1,73.2,58.9
2023-08-13,100.9,64.3,82.2,57.7
2023-08-14,105.3,68.6,87.7,58.1
2023-08-15,101.8,71.2,86.1,62.2
2023-08-16,102.2,71.1,86.2,66.7
2023-08-17,94.8,71.2,80.6,60.8
2023-08-18,83.8,60.4,70.2,59.9
2023-08-19,90.1,51.8,70.3,48.4
2023-08-20,92.2,58.3,74.8,49.3
2023-08-21,82.3,56.5,67.7,49.4
2023-08-22,74.2,53.7,63.8,52.9
2023-08-23,79.3,55.4,66.5,53.8
2023-08-24,92.0,55.3,73.2,53.1
2023-08-25,91.8,64.9,77.1,61.7
2023-08-26,90.9,59.9,73.3,57.7
2023-08-27,87.2,59.8,69.7,58.6
2023-08-28,78.3,57.7,66.6,59.8
2023-08-29,77.6,61.2,67.2,57.6
2023-08-30,78.1,58.9,67.3,60.3
2023-08-31,64.2,59.7,61.7,61.7
2023-09-01,79.9,58.9,67.7,60.2
2023-09-02,84.4,58.8,68.7,64.4
2023-09-03,75.4,57.9,64.3,59.2
2023-09-04,71.2,52.6,62.5,55.9
2023-09-05,72.7,51.3,61.7,49.9
2023-09-06,77.5,49.0,62.0,53.9
2023-09-07,73.3,54.0,62.9,53.4
2023-09-08,78.1,51.5,63.5,51.3
2023-09-09,85.6,51.2,67.6,54.2
2023-09-10,81.3,54.3,66.1,54.0
2023-09-11,72.5,54.3,63.4,57.6
2023-09-12,78.0,51.4,63.8,57.8
2023-09-13,80.7,57.3,67.7,57.5
2023-09-14,88.5,54.0,69.6,54.0
2023-09-15,90.9,54.0,71.5,53.0
2023-09-16,84.3,56.5,67.8,55.2
2023-09-17,73.6,51.4,62.2,49.9
2023-09-18,73.5,54.5,63.4,51.7
2023-09-19,71.3,49.1,59.3,46.9
2023-09-20,70.2,51.0,59.2,48.9
2023-09-21,74.6,45.7,59.3,47.5
2023-09-22,76.1,46.0,61.1,46.3
2023-09-23,65.8,53.7,57.9,57.7
2023-09-24,59.2,53.4,56.5,58.0
2023-09-25,62.0,55.4,57.5,57.4
2023-09-26,63.7,53.2,57.5,54.2
2023-09-27,61.9,51.7,56.1,52.5
2023-09-28,63.6,49.8,55.8,55.0
2023-09-29,60.4,52.6,55.9,52.7
2023-09-30,66.5,47.1,55.8,48.7
2023-10-01,67.9,42.4,54.4,48.7
2023-10-02,55.5,47.0,53.0,54.8
2023-10-03,67.2,54.9,59.6,56.9
2023-10-04,66.7,49.2,57.7,56.9
2023-10-05,77.4,53.6,64.0,59.5
2023-10-06,81.7,60.8,69.0,57.9
2023-10-07,79.6,54.9,65.6,64.9
2023-10-08,76.2,52.0,61.9,56.9
2023-10-09,63.2,51.4,57.7,56.7
2023-10-10,62.6,50.8,54.6,54.5
2023-10-11,59.9,50.7,54.3,54.0
2023-10-12,66.3,50.2,56.9,52.8
2023-10-13,64.9,50.6,56.1,54.8
2023-10-14,62.3,49.9,55.5,55.2
2023-10-15,65.7,52.2,57.6,59.1
2023-10-16,64.5,52.1,57.4,59.9
2023-10-17,63.4,49.0,54.2,54.8
2023-10-18,70.4,46.1,55.7,54.9
2023-10-19,69.3,46.8,56.1,59.4
2023-10-20,69.0,52.8,59.1,58.2
2023-10-21,61.6,48.8,54.5,55.0
2023-10-22,63.3,49.5,55.4,55.0
2023-10-23,59.2,45.3,52.5,51.6
2023-10-24,50.5,43.5,47.3,48.7
2023-10-25,48.4,40.2,44.5,45.4
2023-10-26,50.6,37.8,44.4,42.3
2023-10-27,52.6,36.7,43.1,40.8
2023-10-28,51.8,34.8,41.9,30.5
2023-10-29,54.2,35.2,43.2,34.4
2023-10-30,56.2,35.0,43.5,38.1
2023-10-31,56.4,36.4,44.9,44.6
2023-11-01,49.7,42.1,46.3,49.0
2023-11-02,62.0,51.0,56.3,57.2
2023-11-03,58.1,45.3,52.0,57.6
2023-11-04,61.6,51.0,58.1,60.1
2023-11-05,55.4,50.3,52.4,53.0
2023-11-06,53.5,49.1,51.0,50.2
2023-11-07,55.8,45.5,49.9,48.6
2023-11-08,53.6,36.4,43.7,44.1
2023-11-09,48.2,34.7,41.8,45.6
2023-11-10,53.1,40.5,46.4,46.1
2023-11-11,54.5,48.1,50.5,50.3
2023-11-12,57.5,46.3,50.5,50.8
2023-11-13,54.0,43.7,48.0,48.1
2023-11-14,54.3,39.8,46.1,44.3
2023-11-15,53.3,43.5,47.8,49.9
2023-11-16,51.5,37.8,43.4,46.5
2023-11-17,54.7,37.8,44.0,44.2
2023-11-18,53.0,38.9,44.5,45.3
2023-11-19,51.8,37.7,45.2,46.6
2023-11-20,51.9,35.6,41.8,41.7
2023-11-21,52.1,37.1,45.1,46.0
2023-11-22,51.6,40.3,47.1,47.6
2023-11-23,50.5,35.9,41.1,39.7
2023-11-24,48.8,32.5,38.4,36.0
2023-11-25,47.6,29.3,37.3,33.5
2023-11-26,48.1,31.6,37.7,36.2
2023-11-27,45.3,29.4,35.0,34.1
2023-11-28,43.3,27.6,33.4,34.5
2023-11-29,43.2,26.2,33.0,34.9
2023-11-30,40.3,31.6,36.2,39.7
2023-12-01,51.0,38.5,44.3,44.5
2023-12-02,50.7,44.9,47.7,48.5
2023-12-03,55.7,46.8,52.0,55.2
2023-12-04,59.1,53.1,56.1,56.3
2023-12-05,59.3,55.5,56.9,56.1
2023-12-06,55.8,44.2,50.3,55.0
2023-12-07,47.2,39.3,43.9,44.1
2023-12-08,45.0,36.1,39.5,40.5
2023-12-09,45.9,34.8,38.4,43.7
2023-12-10,51.2,45.5,48.8,50.4
2023-12-11,51.8,43.0,48.1,48.4
2023-12-12,52.8,38.0,43.1,41.4
2023-12-13,49.5,37.8,42.1,41.0
2023-12-14,47.5,37.9,42.3,45.0
2023-12-15,49.6,36.3,40.5,41.1
2023-12-16,46.8,31.0,37.8,39.7
2023-12-17,47.7,31.1,38.5,38.6
2023-12-18,47.6,37.6,41.3,41.3
2023-12-19,57.2,40.9,47.8,53.4
2023-12-20,51.2,37.8,43.4,45.8
2023-12-21,47.0,36.6,40.8,43.1
2023-12-22,46.3,33.9,41.2,43.7
2023-12-23,41.2,31.5,35.0,37.8
2023-12-24,41.1,28.7,36.1,38.6
2023-12-25,45.7,38.7,41.0,45.0
2023-12-26,48.9,42.9,45.7,47.5
2023-12-27,45.7,41.3,43.8,45.1
2023-12-28,49.3,41.5,45.5,46.5
2023-12-29,54.5,43.5,47.5,47.2
2023-12-30,52.9,40.4,46.0,50.7
2023-12-31,45.4,35.9,40.2,43.1
2024-01-01,45.4,35.4,39.5,40.6
2024-01-02,44.0,36.1,39.6,42.9
2024-01-03,47.9,34.2,40.9,45.6
2024-01-04,50.1,37.9,44.6,48.5
2024-01-05,47.5,34.6,41.7,42.4
2024-01-06,43.6,37.2,40.7,41.7
2024-01-07,46.3,35.1,39.3,40.1
2024-01-08,47.5,37.7,42.2,46.8
2024-01-09,48.6,35.1,41.7,47.8
2024-01-10,43.7,34.1,37.9,37.0
2024-01-11,42.8,33.6,38.1,38.8
2024-01-12,40.4,20.7,34.1,38.3
2024-01-13,20.2,11.6,16.0,13.8
2024-01-14,24.8,11.6,16.9,19.2
2024-01-15,22.5,12.3,16.5,11.5
2024-01-16,28.6,13.3,20.4,27.0
2024-01-17,45.2,28.1,35.6,44.4
2024-01-18,42.0,30.6,34.7,42.0
2024-01-19,37.8,28.0,31.8,30.0
2024-01-20,41.3,28.4,33.3,34.5
2024-01-21,51.5,34.5,43.2,48.3
2024-01-22,52.0,40.0,47.6,50.5
2024-01-23,53.1,43.4,47.6,48.2
2024-01-24,53.7,40.7,46.7,50.5
2024-01-25,51.3,43.9,46.6,46.3
2024-01-26,51.1,42.2,45.5,50.4
2024-01-27,60.3,48.8,54.3,56.0
2024-01-28,64.4,50.2,56.6,59.1
2024-01-29,59.5,45.9,51.0,53.0
2024-01-30,55.6,47.1,50.8,50.6
2024-01-31,54.0,48.9,51.0,53.5
2024-02-01,58.2,43.4,49.7,48.3
2024-02-02,52.9,40.0,45.7,43.7
2024-02-03,50.9,33.6,41.2,40.3
2024-02-04,53.4,33.6,42.2,38.7
2024-02-05,45.9,41.9,44.1,45.6
2024-02-06,49.6,36.0,42.7,43.8
2024-02-07,46.4,35.0,40.6,41.1
2024-02-08,47.2,34.0,40.9,40.8
2024-02-09,43.2,38.8,40.6,42.1
2024-02-10,50.9,36.8,41.6,42.4
2024-02-11,52.1,40.1,46.2,47.5
2024-02-12,53.0,38.8,45.9,43.4
2024-02-13,50.8,35.6,40.3,40.6
2024-02-14,44.5,30.7,36.7,42.2
2024-02-15,50.3,38.8,44.3,44.7
2024-02-16,48.9,35.0,40.4,37.7
2024-02-17,44.1,37.0,39.7,38.8
2024-02-18,54.3,36.3,43.1,46.6
2024-02-19,51.5,38.8,43.4,44.4
2024-02-20,58.4,36.1,45.3,48.4
2024-02-21,52.3,44.0,47.6,47.5
2024-02-22,56.8,38.8,46.3,45.5
2024-02-23,60.0,36.8,46.6,46.9
2024-02-24,54.8,36.2,44.9,43.5
2024-02-25,51.8,40.0,45.6,46.2
2024-02-26,45.2,33.8,39.7,41.5
2024-02-27,44.2,33.0,38.9,39.9
2024-02-28,48.3,41.2,46.1,47.7
2024-02-29,48.0,36.7,40.3,47.0
2024-03-01,43.3,34.3,37.5,37.8
2024-03-02,41.7,32.5,36.0,34.7
2024-03-03,41.3,31.7,35.3,37.0
2024-03-04,44.2,30.1,35.8,36.0
2024-03-05,45.1,31.6,36.4,34.5
2024-03-06,47.0,26.3,35.7,32.6
2024-03-07,47.3,25.8,36.5,33.9
2024-03-08,56.7,27.7,41.5,48.2
2024-03-09,49.7,37.0,44.7,42.3
2024-03-10,49.5,38.3,43.7,45.1
2024-03-11,48.1,40.2,43.8,43.6
2024-03-12,49.5,37.2,44.1,43.5
2024-03-13,51.9,35.7,42.8,40.0
2024-03-14,60.0,33.9,45.2,38.6
2024-03-15,65.1,41.5,51.7,46.7
2024-03-16,69.2,44.9,54.5,56.3
2024-03-17,68.8,37.3,52.8,56.1
2024-03-18,70.4,41.4,55.7,61.9
2024-03-19,63.6,43.3,51.2,52.4
2024-03-20,56.0,39.7,47.9,44.0
2024-03-21,59.4,45.0,51.4,48.1
2024-03-22,57.7,44.3,49.0,51.0
2024-03-23,50.5,40.9,45.1,46.7
2024-03-24,54.0,36.5,44.3,48.4
2024-03-25,51.3,41.5,45.4,46.9
2024-03-26,53.9,41.0,46.5,45.2
2024-03-27,54.3,44.0,47.1,48.7
2024-03-28,48.4,42.1,44.2,44.5
2024-03-29,57.9,37.4,47.4,41.6
2024-03-30,62.8,39.9,50.0,40.5
2024-03-31,60.6,34.5,47.7,41.2
2024-04-01,64.1,40.3,51.7,54.3
2024-04-02,68.8,41.2,53.2,53.8
2024-04-03,49.9,40.5,45.3,46.0
2024-04-04,49.1,35.9,42.6,39.0
2024-04-05,52.1,32.4,41.5,40.2
2024-04-06,47.4,37.7,42.1,45.3
2024-04-07,52.4,38.1,44.9,45.0
2024-04-08,53.4,39.5,46.4,44.2
2024-04-09,60.9,44.2,51.3,49.9
2024-04-10,62.6,35.0,48.8,49.4
2024-04-11,57.8,40.3,48.3,45.4
2024-04-12,63.8,45.0,52.6,47.2
2024-04-13,70.3,45.0,55.0,56.3
2024-04-14,66.5,43.4,52.8,49.5
2024-04-15,54.2,43.5,48.6,42.7
2024-04-16,53.6,37.6,45.4,38.8
2024-04-17,59.6,32.7,46.7,38.3
2024-04-18,64.8,38.3,51.7,36.9
2024-04-19,68.8,45.0,55.6,39.7
2024-04-20,66.7,40.5,50.6,49.0
2024-04-21,57.8,37.3,48.2,40.8
2024-04-22,65.6,38.9,51.9,43.2
2024-04-23,69.8,46.1,56.1,44.1
2024-04-24,61.5,41.3,51.0,46.6
2024-04-25,53.6,48.4,50.1,49.3
2024-04-26,57.1,46.5,50.5,51.3
2024-04-27,52.8,44.0,48.1,47.8
2024-04-28,55.5,46.2,49.5,47.1
2024-04-29,53.7,39.8,46.6,42.7
2024-04-30,56.0,37.8,44.7,45.1
2024-05-01,55.0,36.0,46.0,44.8
2024-05-02,59.3,43.6,50.2,46.0
2024-05-03,55.0,41.5,48.8,51.3
2024-05-04,50.1,45.2,47.7,49.6
2024-05-05,53.1,44.1,47.3,47.8
2024-05-06,53.4,41.6,48.1,46.6
2024-05-07,57.5,37.8,48.1,43.2
2024-05-08,63.8,35.5,51.4,43.7
2024-05-09,75.3,45.5,60.5,51.4
2024-05-10,82.7,51.0,66.8,61.2
2024-05-11,83.3,51.5,66.4,59.4
2024-05-12,76.4,50.2,62.7,55.7
2024-05-13,71.2,47.4,59.6,52.0
2024-05-14,73.0,45.5,59.7,51.6
2024-05-15,78.4,51.0,64.1,62.2
2024-05-16,71.2,49.2,58.8,51.3
2024-05-17,67.6,45.3,55.8,46.0
2024-05-18,60.1,42.7,51.1,42.9
2024-05-19,60.6,41.2,51.0,43.7
2024-05-20,68.5,40.0,53.5,45.4
2024-05-21,55.0,41.4,49.9,53.0
2024-05-22,58.0,44.4,51.6,50.6
2024-05-23,64.3,42.9,53.2,49.4
2024-05-24,64.3,47.4,53.7,53.6
2024-05-25,58.6,45.5,51.9,45.9
2024-05-26,67.8,43.2,55.0,49.3
2024-05-27,71.2,44.0,58.8,56.7
2024-05-28,61.6,48.6,54.7,51.6
2024-05-29,63.1,46.4,54.5,47.1
2024-05-30,67.3,43.8,54.8,44.3
2024-05-31,74.8,45.7,59.8,49.6
2024-06-01,69.8,50.7,59.1,50.6
2024-06-02,58.4,55.0,56.4,57.1
2024-06-03,61.9,51.3,55.4,55.2
2024-06-04,63.4,51.2,57.3,56.0
2024-06-05,70.0,47.3,58.8,49.4
2024-06-06,77.8,50.7,64.0,53.5
2024-06-07,82.0,51.3,66.7,52.1
2024-06-08,79.5,55.5,67.5,54.2
2024-06-09,78.0,53.8,64.1,55.8
2024-06-10,77.3,48.4,62.5,52.2
2024-06-11,70.2,52.5,61.2,53.3
2024-06-12,72.4,46.2,59.0,46.8
2024-06-13,74.3,46.3,60.0,46.6
2024-06-14,67.6,45.7,56.9,48.0
2024-06-15,61.9,48.8,54.5,47.5
2024-06-16,61.5,44.1,51.8,47.4
2024-06-17,64.8,41.6,52.9,47.5
2024-06-18,70.8,44.8,57.4,47.2
2024-06-19,82.2,48.1,65.4,57.7
2024-06-20,86.8,53.3,70.6,54.6
2024-06-21,89.5,59.4,72.9,53.6
2024-06-22,82.9,55.4,68.4,55.4
2024-06-23,74.5,57.0,63.7,55.4
2024-06-24,75.7,49.1,62.7,49.7
2024-06-25,86.0,52.2,68.8,57.5
2024-06-26,68.8,54.8,62.1,57.2
2024-06-27,68.5,54.0,61.2,52.0
2024-06-28,78.9,50.7,65.1,52.9
2024-06-29,81.9,56.8,67.3,59.1
2024-06-30,79.2,57.0,67.8,60.6
2024-07-01,81.8,55.2,67.8,57.1
2024-07-02,77.5,50.5,63.5,49.5
2024-07-03,82.1,50.3,65.4,52.7
2024-07-04,90.9,56.8,73.6,52.0
2024-07-05,98.6,62.5,80.4,50.6
2024-07-06,97.6,59.0,81.1,66.7
2024-07-07,98.5,61.1,81.5,61.8
2024-07-08,101.6,63.8,83.8,58.1
2024-07-09,102.2,64.5,85.1,58.4
2024-07-10,93.9,67.4,79.0,50.4
2024-07-11,86.8,59.5,71.8,52.5
2024-07-12,87.9,55.1,71.3,54.8
2024-07-13,95.1,57.6,75.7,57.5
2024-07-14,93.5,63.6,76.9,56.2
2024-07-15,87.7,57.3,72.1,56.0
2024-07-16,98.2,59.9,77.6,55.8
2024-07-17,85.2,57.6,70.1,55.2
2024-07-18,84.7,54.2,69.0,54.3
2024-07-19,89.7,56.5,72.8,61.3
2024-07-20,95.7,61.1,78.0,59.1
2024-07-21,89.1,59.3,73.4,57.9
2024-07-22,79.2,57.7,66.0,51.5
2024-07-23,83.6,52.8,67.0,50.9
2024-07-24,82.9,55.5,67.6,52.7
2024-07-25,76.7,53.5,64.6,51.4
2024-07-26,83.6,52.9,67.8,52.5
2024-07-27,83.4,53.4,67.6,54.4
2024-07-28,79.7,54.0,66.0,54.7
2024-07-29,70.2,57.1,63.5,61.2
2024-07-30,81.4,62.2,69.9,60.6
2024-07-31,86.8,57.7,72.2,60.0
2024-08-01,99.1,61.2,79.1,63.9
2024-08-02,92.0,62.2,76.0,64.2
2024-08-03,89.0,63.9,74.7,60.8
2024-08-04,92.1,57.5,74.4,58.6
2024-08-05,88.6,58.0,72.5,58.5
2024-08-06,82.1,54.0,67.2,51.7
2024-08-07,91.1,54.5,71.6,58.9
2024-08-08,96.2,61.2,77.4,62.2
2024-08-09,90.9,58.7,73.3,58.9
2024-08-10,89.5,59.3,73.2,56.3
2024-08-11,82.2,60.5,69.3,58.4
2024-08-12,76.1,55.8,64.0,51.8
2024-08-13,76.4,54.1,63.7,53.8
2024-08-14,78.5,54.5,67.4,56.9
2024-08-15,76.6,59.2,67.4,57.3
2024-08-16,79.4,58.4,68.2,55.3
2024-08-17,84.7,57.6,67.3,66.0
2024-08-18,75.1,57.4,65.3,59.5
2024-08-19,79.9,54.0,64.8,54.1
2024-08-20,78.5,53.3,65.5,55.0
2024-08-21,74.8,53.6,64.0,56.8
2024-08-22,67.2,57.7,61.8,57.4
2024-08-23,69.0,54.4,59.7,55.7
2024-08-24,71.4,49.6,60.0,52.3
2024-08-25,77.3,50.3,63.7,51.6
2024-08-26,83.0,51.6,67.1,55.8
2024-08-27,73.5,55.7,63.2,56.4
2024-08-28,76.3,49.1,62.1,48.9
2024-08-29,89.4,53.0,70.9,46.8
2024-08-30,93.4,53.4,73.2,53.5
2024-08-31,95.3,57.4,75.0,59.2
2024-09-01,82.4,57.4,68.3,57.3
2024-09-02,76.9,54.2,63.1,54.6
2024-09-03,79.1,54.6,65.9,55.4
2024-09-04,93.9,56.3,73.0,60.0
2024-09-05,100.7,63.0,80.2,58.4
2024-09-06,94.3,59.5,76.2,62.3
2024-09-07,88.7,62.2,73.8,61.4
2024-09-08,84.3,58.2,69.9,59.7
2024-09-09,81.8,56.3,68.5,56.3
2024-09-10,80.8,55.7,66.5,55.0
2024-09-11,67.1,53.9,59.0,59.2
2024-09-12,70.9,54.3,61.5,56.6
2024-09-13,73.5,49.2,61.0,50.5
2024-09-14,72.1,53.1,62.3,53.9
2024-09-15,68.3,48.9,58.7,50.2
2024-09-16,77.0,48.9,62.0,51.8
2024-09-17,62.2,49.5,56.8,56.9
2024-09-18,72.0,54.9,62.1,56.8
2024-09-19,72.6,53.1,61.6,54.9
2024-09-20,70.0,49.9,59.2,51.3
2024-09-21,77.1,48.0,61.1,48.1
2024-09-22,77.5,51.0,64.5,54.5
2024-09-23,85.3,57.3,67.7,60.7
2024-09-24,89.0,59.3,72.4,63.9
2024-09-25,66.7,54.2,60.0,60.1
2024-09-26,70.0,50.0,58.1,52.9
2024-09-27,71.2,55.1,61.4,55.4
2024-09-28,74.0,47.9,59.1,52.4
2024-09-29,66.0,44.6,54.8,46.5
2024-09-30,72.4,45.0,57.6,45.0
2024-10-01,75.7,45.3,60.8,57.0
2024-10-02,66.7,49.0,57.7,54.0
2024-10-03,73.6,45.5,57.5,48.9
2024-10-04,63.6,45.4,52.2,52.8
2024-10-05,69.6,45.1,54.5,52.7
2024-10-06,71.4,42.3,55.4,51.2
2024-10-07,77.9,44.1,59.0,57.9
2024-10-08,70.2,52.0,59.6,61.0
2024-10-09,63.9,52.7,58.2,57.8
2024-10-10,67.0,45.9,54.4,47.8
2024-10-11,69.6,42.8,54.5,49.1
2024-10-12,73.4,45.0,58.7,54.2
2024-10-13,71.8,45.4,57.7,56.3
2024-10-14,69.1,54.1,60.6,56.8
2024-10-15,65.9,55.3,59.5,60.0
2024-10-16,61.7,50.5,55.1,53.7
2024-10-17,59.1,44.2,51.0,45.0
2024-10-18,55.5,42.5,48.9,44.2
2024-10-19,70.7,52.9,59.1,56.2
2024-10-20,67.8,48.7,57.1,57.9
2024-10-21,58.2,45.4,52.8,54.4
2024-10-22,58.2,41.7,48.0,45.8
2024-10-23,55.6,37.4,46.0,42.7
2024-10-24,55.5,35.2,44.0,42.3
2024-10-25,63.4,39.7,50.1,48.1
2024-10-26,64.0,52.5,57.6,59.5
2024-10-27,57.4,47.1,52.8,56.8
2024-10-28,56.7,41.9,48.7,48.2
2024-10-29,54.3,39.7,46.2,45.2
2024-10-30,52.1,42.7,45.9,47.9
2024-10-31,51.3,42.6,46.3,48.5
2024-11-01,55.5,48.3,50.3,52.1
2024-11-02,51.3,43.7,47.9,48.7
2024-11-03,57.0,46.0,50.1,47.8
2024-11-04,57.5,44.1,48.7,51.4
2024-11-05,51.7,43.6,46.7,45.5
2024-11-06,55.1,39.7,45.9,42.4
2024-11-07,57.5,38.8,46.5,46.6
2024-11-08,54.3,38.1,45.4,47.1
2024-11-09,51.0,43.4,46.4,46.7
2024-11-10,52.8,39.9,46.5,49.5
2024-11-11,51.7,46.5,49.1,50.7
2024-11-12,53.1,45.0,48.7,47.8
2024-11-13,53.2,48.7,50.8,48.7
2024-11-14,53.6,45.3,48.1,46.1
2024-11-15,48.9,36.0,41.4,42.0
2024-11-16,45.2,34.4,39.8,43.2
2024-11-17,50.5,40.3,46.7,48.7
2024-11-18,45.0,36.3,40.0,38.4
2024-11-19,45.8,36.2,40.9,41.7
2024-11-20,53.2,42.4,46.6,42.2
2024-11-21,51.7,36.8,43.8,45.0
2024-11-22,55.9,45.5,49.5,48.7
2024-11-23,48.5,42.3,44.9,43.5
2024-11-24,47.3,41.1,44.1,43.1
2024-11-25,51.5,38.1,45.7,42.7
2024-11-26,47.8,36.0,40.5,41.5
2024-11-27,46.8,34.3,38.9,40.9
2024-11-28,43.1,31.5,36.0,36.0
2024-11-29,39.6,30.0,34.0,34.8
2024-11-30,44.2,28.1,33.9,36.6
2024-12-01,45.0,29.9,34.1,36.7
2024-12-02,43.9,28.2,33.1,35.2
2024-12-03,46.0,30.8,35.4,35.7
2024-12-04,44.6,30.6,34.6,35.7
2024-12-05,42.4,27.8,33.6,35.1
2024-12-06,44.2,29.5,34.6,38.7
2024-12-07,46.8,33.3,40.9,45.5
2024-12-08,48.3,36.0,41.1,43.0
2024-12-09,46.4,33.2,38.1,41.3
2024-12-10,44.6,30.0,35.5,37.7
2024-12-11,44.6,31.3,37.2,37.3
2024-12-12,41.9,35.5,38.9,38.9
2024-12-13,47.1,33.9,41.3,44.2
2024-12-14,48.7,39.9,45.1,44.1
2024-12-15,45.0,34.7,40.5,41.5
2024-12-16,51.6,41.5,45.4,44.2
2024-12-17,56.2,43.8,50.2,50.8
2024-12-18,55.8,45.2,51.5,49.9
2024-12-19,51.6,42.2,46.7,46.7
2024-12-20,50.2,41.9,45.0,46.8
2024-12-21,52.6,43.4,47.5,46.6
2024-12-22,52.0,43.0,47.2,48.4
2024-12-23,50.4,42.4,47.0,47.2
2024-12-24,50.7,42.1,46.7,47.8
2024-12-25,48.7,40.4,43.4,44.7
2024-12-26,51.3,45.0,48.4,47.4
2024-12-27,51.8,44.7,47.4,47.9
2024-12-28,51.4,45.2,49.1,47.2
2024-12-29,48.9,39.5,44.4,44.3
2024-12-30,46.6,38.2,41.2,40.0
2024-12-31,41.8,33.3,37.4,36.8
2025-01-01,46.7,38.8,41.4,42.3
2025-01-02,47.2,39.9,44.3,46.0
2025-01-03,49.8,39.8,44.3,47.3
2025-01-04,48.7,44.1,46.4,46.7
2025-01-05,51.5,47.6,49.3,48.9
2025-01-06,53.3,39.7,46.3,46.6
2025-01-07,46.0,34.6,39.0,37.0
2025-01-08,51.9,34.2,40.7,42.8
2025-01-09,49.1,35.0,40.0,38.5
2025-01-10,51.7,31.2,39.9,45.0
2025-01-11,47.0,37.1,42.2,40.8
2025-01-12,46.9,33.7,40.9,41.7
2025-01-13,43.1,29.8,35.0,38.2
2025-01-14,43.5,29.8,34.6,39.0
2025-01-15,49.9,29.8,36.3,42.1
2025-01-16,40.5,28.9,33.3,36.3
2025-01-17,40.8,28.2,33.1,34.5
2025-01-18,44.9,28.6,34.8,31.5
2025-01-19,43.9,24.2,32.6,27.1
2025-01-20,41.3,28.0,33.4,28.8
2025-01-21,43.9,24.9,31.4,27.0
2025-01-22,46.9,25.3,34.3,27.6
2025-01-23,46.9,27.5,36.0,34.9
2025-01-24,44.0,28.2,36.4,36.8
2025-01-25,43.5,30.2,35.3,28.2
2025-01-26,44.4,30.0,36.1,26.0
2025-01-27,47.1,27.0,35.6,30.5
2025-01-28,48.4,26.7,35.2,33.0
2025-01-29,46.1,23.5,33.2,31.3
2025-01-30,41.4,27.0,34.3,36.6
2025-01-31,49.3,40.0,44.6,47.4
2025-02-01,44.5,35.0,40.1,39.3
2025-02-02,39.4,32.0,35.7,34.6
2025-02-03,40.5,27.8,34.0,33.1
2025-02-04,40.5,25.7,31.4,33.2
2025-02-05,36.1,28.1,32.2,32.0
2025-02-06,43.7,30.4,35.2,34.2
2025-02-07,42.1,27.9,34.3,31.6
2025-02-08,44.3,33.8,36.5,37.3
2025-02-09,42.8,30.6,35.5,35.5
2025-02-10,41.2,28.9,34.8,32.9
2025-02-11,36.5,22.9,28.9,19.8
2025-02-12,40.5,22.3,29.8,21.4
2025-02-13,30.0,26.8,28.3,25.5
2025-02-14,37.0,28.1,31.7,35.4
2025-02-15,43.8,29.2,36.2,39.9
2025-02-16,49.5,40.9,44.9,45.2
2025-02-17,51.1,41.9,45.6,45.0
2025-02-18,50.4,41.0,45.3,44.0
2025-02-19,52.8,42.7,46.7,47.8
2025-02-20,51.6,37.5,44.1,42.7
2025-02-21,46.3,33.8,40.9,42.2
2025-02-22,54.1,45.0,49.3,50.4
2025-02-23,55.9,49.7,53.4,53.3
2025-02-24,54.1,43.9,48.1,48.7
2025-02-25,53.8,41.4,47.6,43.9
2025-02-26,60.4,34.2,45.5,46.8
2025-02-27,60.7,33.6,45.9,51.4
2025-02-28,61.4,36.6,47.0,54.1
2025-03-01,56.0,39.6,46.1,47.6
2025-03-02,50.5,45.0,47.3,45.7
2025-03-03,53.6,42.1,46.6,44.9
2025-03-04,53.4,41.9,45.7,44.5
2025-03-05,54.0,34.6,44.3,42.3
2025-03-06,55.5,35.6,44.2,39.1
2025-03-07,52.2,30.3,39.9,43.2
2025-03-08,57.2,35.0,45.2,46.3
2025-03-09,58.0,37.0,47.2,43.3
2025-03-10,50.1,39.5,44.2,45.0
2025-03-11,50.1,39.0,43.8,44.5
2025-03-12,50.5,42.9,46.2,44.8
2025-03-13,46.0,35.7,40.6,40.4
2025-03-14,48.0,33.9,40.1,42.2
2025-03-15,45.1,38.4,42.3,42.5
2025-03-16,48.3,39.8,43.1,41.2
2025-03-17,51.7,33.7,41.8,41.6
2025-03-18,49.4,32.9,41.3,41.1
2025-03-19,54.1,38.0,44.0,42.0
2025-03-20,45.8,40.5,43.3,43.5
2025-03-21,47.6,43.2,45.3,46.2
2025-03-22,53.2,39.0,45.3,43.1
2025-03-23,55.9,44.7,51.4,50.7
2025-03-24,67.3,51.0,57.6,58.4
2025-03-25,73.4,47.5,58.9,63.2
2025-03-26,75.4,48.7,58.4,62.8
2025-03-27,57.5,46.4,51.0,48.8
2025-03-28,53.2,43.1,48.0,45.8
2025-03-29,53.7,41.3,46.8,42.1
2025-03-30,61.2,41.1,48.7,47.9
2025-03-31,50.7,39.3,44.4,42.3
2025-04-01,54.8,36.7,43.8,44.6
2025-04-02,52.4,34.9,42.9,43.1
2025-04-03,54.4,35.3,44.4,41.2
2025-04-04,63.9,35.0,48.3,46.1
2025-04-05,66.0,36.8,51.3,55.5
2025-04-06,56.0,46.0,51.2,52.9
2025-04-07,56.0,47.1,51.0,50.1
2025-04-08,53.5,45.6,48.8,48.3
2025-04-09,59.6,39.1,49.4,51.9
2025-04-10,61.6,42.4,50.5,52.7
2025-04-11,55.6,41.3,48.1,44.1
2025-04-12,54.3,36.0,45.9,40.2
2025-04-13,62.6,36.0,48.8,43.4
2025-04-14,68.3,43.6,55.7,52.4
2025-04-15,69.4,43.4,56.1,52.9
2025-04-16,64.0,40.0,51.9,46.2
2025-04-17,64.1,41.5,53.2,44.4
2025-04-18,69.2,40.5,54.7,52.8
2025-04-19,63.0,43.3,52.3,47.9
2025-04-20,54.7,41.4,47.5,45.6
2025-04-21,54.8,41.6,48.0,43.6
2025-04-22,60.4,35.2,48.1,42.4
2025-04-23,65.7,39.8,53.1,48.8
2025-04-24,68.6,41.9,54.4,50.5
2025-04-25,63.5,45.0,52.3,53.0
2025-04-26,63.0,44.1,52.0,51.1
2025-04-27,58.5,39.2,48.6,46.8
2025-04-28,59.3,41.8,50.5,49.5
2025-04-29,63.8,44.1,53.3,51.1
2025-04-30,63.3,37.0,50.0,52.1
2025-05-01,75.7,39.7,57.4,60.5
2025-05-02,66.9,46.0,55.3,52.6
2025-05-03,57.9,44.8,51.9,48.7
2025-05-04,61.3,35.8,49.2,43.5
2025-05-05,68.8,38.5,54.3,50.7
2025-05-06,74.2,45.0,59.6,54.5
2025-05-07,64.2,46.0,53.4,54.0
2025-05-08,64.9,39.7,51.7,48.1
2025-05-09,68.9,37.8,54.9,55.2
2025-05-10,61.8,44.4,54.1,46.7
2025-05-11,57.9,49.3,52.7,49.5
2025-05-12,57.0,45.2,51.7,49.7
2025-05-13,63.1,43.2,52.4,49.3
2025-05-14,60.5,45.5,52.8,47.6
2025-05-15,55.1,43.8,49.7,48.3
2025-05-16,60.1,46.9,52.6,51.4
2025-05-17,60.9,48.0,54.5,52.0
2025-05-18,56.2,44.1,50.3,44.7
2025-05-19,61.5,47.3,53.8,51.4
2025-05-20,58.9,46.0,52.4,46.0
2025-05-21,64.2,44.4,54.3,48.7
2025-05-22,59.6,50.7,54.5,50.5
2025-05-23,65.2,47.6,56.3,50.8
2025-05-24,74.2,43.9,58.7,56.1
2025-05-25,66.1,46.3,56.2,49.3
2025-05-26,66.7,52.0,58.2,51.2
2025-05-27,78.4,45.5,61.6,55.3
2025-05-28,76.2,54.5,64.2,55.8
2025-05-29,70.0,52.7,59.9,55.0
2025-05-30,80.1,47.5,64.0,55.0
2025-05-31,69.3,52.5,61.0,53.5
2025-06-01,69.2,44.4,57.2,47.8
2025-06-02,71.8,46.5,58.5,48.7
2025-06-03,75.7,45.8,59.9,50.5
2025-06-04,66.8,55.0,60.6,53.1
2025-06-05,76.6,50.9,62.7,57.8
2025-06-06,81.4,56.7,68.4,60.3
2025-06-07,84.4,53.6,69.0,60.8
2025-06-08,90.6,58.1,75.3,69.0
2025-06-09,91.8,63.2,77.0,63.6
2025-06-10,82.8,57.2,68.9,58.5
2025-06-11,73.2,50.3,61.3,51.1
2025-06-12,71.5,48.5,59.2,47.3
2025-06-13,64.6,47.6,56.0,43.8
2025-06-14,68.1,45.1,56.4,42.6
2025-06-15,74.6,44.9,59.6,51.4
2025-06-16,73.9,48.5,60.6,50.3
2025-06-17,76.7,46.8,61.9,52.8
2025-06-18,68.8,56.3,62.0,54.2
2025-06-19,72.9,48.3,59.3,46.9
2025-06-20,61.6,48.7,54.4,48.7
2025-06-21,55.1,48.3,52.4,53.2
2025-06-22,66.8,52.1,58.9,56.2
2025-06-23,76.6,49.5,63.6,59.2
2025-06-24,80.5,55.6,67.3,58.0
2025-06-25,72.1,54.5,62.0,55.4
2025-06-26,70.5,54.1,62.0,55.4
2025-06-27,71.5,55.3,63.8,55.0
2025-06-28,78.2,53.2,66.7,54.6
2025-06-29,87.9,56.2,72.1,56.4
2025-06-30,91.9,60.6,76.8,58.5
2025-07-01,88.9,62.0,74.2,56.4
2025-07-02,81.8,55.4,66.6,52.9
2025-07-03,76.2,53.7,64.2,52.0
2025-07-04,76.0,54.6,64.0,47.7
2025-07-05,78.3,51.7,65.0,52.3
2025-07-06,83.3,54.0,69.2,52.7
2025-07-07,87.4,57.2,73.1,57.5
2025-07-08,89.2,59.5,73.9,58.2
2025-07-09,83.1,57.5,68.8,58.4
2025-07-10,79.6,63.0,70.2,57.5
2025-07-11,87.9,58.6,72.7,56.8
2025-07-12,88.6,62.1,75.1,60.9
2025-07-13,92.8,63.8,78.8,59.2
2025-07-14,85.1,61.0,73.0,57.6
2025-07-15,90.7,53.1,72.7,55.3
2025-07-16,93.8,65.0,80.5,56.6
2025-07-17,86.7,57.8,72.6,58.7
2025-07-18,86.2,58.7,71.6,58.3
2025-07-19,82.2,56.8,68.5,52.0
2025-07-20,70.9,55.7,63.3,51.9
2025-07-21,77.2,60.4,67.7,55.5
2025-07-22,84.0,54.3,69.6,56.7
2025-07-23,89.7,58.6,73.7,58.6
2025-07-24,85.0,59.0,71.5,58.6
2025-07-25,81.9,57.1,68.7,55.0
2025-07-26,76.5,55.5,65.6,51.7
2025-07-27,79.8,54.5,67.1,52.0
2025-07-28,83.8,54.0,69.6,52.9
2025-07-29,90.3,57.8,74.0,53.7
2025-07-30,86.5,62.0,73.3,56.5
2025-07-31,84.3,60.1,72.1,57.7
2025-08-01,85.4,60.3,72.0,55.2
2025-08-02,82.1,57.3,69.5,55.8
2025-08-03,75.8,56.4,64.4,52.5
2025-08-04,75.4,56.8,65.6,51.9
2025-08-05,80.6,53.8,67.5,55.2
2025-08-06,72.4,61.4,66.6,62.5
2025-08-07,74.8,55.2,64.8,58.7
2025-08-08,80.5,50.5,65.7,54.7
2025-08-09,84.7,56.8,70.9,60.2
2025-08-10,96.8,64.4,80.5,57.9
2025-08-11,97.3,65.7,82.5,59.2
2025-08-12,96.8,67.4,82.1,61.9
2025-08-13,86.9,62.7,74.1,59.1
2025-08-14,81.9,62.9,70.1,58.0
2025-08-15,73.9,63.5,68.2,65.6
2025-08-16,75.3,60.5,68.0,64.6
2025-08-17,75.2,58.8,66.4,58.8
2025-08-18,77.7,60.1,66.8,57.0
2025-08-19,81.9,53.0,66.7,57.7
2025-08-20,81.1,58.6,68.9,57.3
2025-08-21,87.5,54.7,70.7,49.6
2025-08-22,98.2,58.5,78.7,54.1
2025-08-23,98.1,63.0,80.6,57.3
2025-08-24,93.9,64.5,79.2,62.6
2025-08-25,92.0,65.8,78.4,59.9
2025-08-26,95.5,69.5,81.4,64.0
2025-08-27,87.3,63.4,74.1,61.2
2025-08-28,89.1,61.3,74.2,63.7
2025-08-29,84.6,55.9,68.9,59.4
2025-08-30,76.8,53.9,65.1,59.5
2025-08-31,82.5,57.3,69.5,64.6
2025-09-01,81.9,56.5,68.5,59.1
2025-09-02,90.8,56.8,72.9,61.6
2025-09-03,87.0,63.8,74.5,64.5
2025-09-04,89.6,61.2,75.3,63.8
2025-09-05,86.5,63.2,73.1,66.0
2025-09-06,79.6,59.5,66.8,60.3
2025-09-07,76.6,56.6,66.3,58.7
2025-09-08,77.4,57.4,65.9,63.6
2025-09-09,73.5,60.7,65.9,61.7
2025-09-10,78.5,56.8,66.5,58.7
2025-09-11,73.7,57.4,64.4,58.6
2025-09-12,73.8,59.9,64.7,54.8
2025-09-13,79.2,52.1,65.1,55.8
2025-09-14,70.8,53.2,62.6,59.2
2025-09-15,72.8,46.7,59.8,51.2
2025-09-16,86.9,56.6,70.7,57.3
2025-09-17,81.7,54.0,67.2,57.7
2025-09-18,77.7,53.1,65.0,52.6
2025-09-19,81.5,50.7,65.6,54.3
2025-09-20,78.3,53.2,64.5,54.2
2025-09-21,72.1,55.0,61.6,56.0
2025-09-22,73.7,46.1,60.1,50.5
2025-09-23,81.2,50.5,66.5,51.5
2025-09-24,82.8,54.0,68.2,54.1
2025-09-25,72.2,49.5,60.6,45.8
2025-09-26,72.7,46.5,58.9,47.2
2025-09-27,77.0,48.2,62.6,52.8
2025-09-28,73.8,50.5,61.5,53.8
2025-09-29,62.2,55.2,59.2,58.6
2025-09-30,67.1,50.8,57.2,53.6
2025-10-01,63.9,54.5,57.6,55.7
2025-10-02,64.0,51.7,56.0,54.1
2025-10-03,64.4,49.2,54.7,53.9
2025-10-04,66.5,51.9,57.8,54.7
2025-10-05,69.6,48.7,57.7,50.9
2025-10-06,72.8,49.5,59.7,45.9
2025-10-07,75.1,49.2,61.1,51.2
2025-10-08,60.6,45.6,53.2,48.4
2025-10-09,61.6,43.2,51.8,51.4
2025-10-10,60.7,49.2,53.6,51.3
2025-10-11,59.0,48.7,52.5,51.9
2025-10-12,52.4,44.3,49.8,50.6
2025-10-13,58.3,40.4,48.6,43.4
2025-10-14,60.3,44.4,51.1,39.1
2025-10-15,60.9,38.7,49.3,45.8
2025-10-16,60.1,38.2,49.0,47.5
2025-10-17,61.7,48.0,53.3,51.0
2025-10-18,60.8,39.1,50.1,51.4
2025-10-19,60.3,46.8,53.2,50.9
2025-10-20,59.6,43.3,50.0,48.7
2025-10-21,62.1,40.2,49.9,52.2
2025-10-22,62.8,40.9,50.0,51.7
2025-10-23,63.7,46.8,53.7,52.7
2025-10-24,58.5,49.8,54.1,55.4
2025-10-25,54.2,45.1,49.4,50.3
2025-10-26,51.4,42.5,46.2,46.2
2025-10-27,54.9,40.1,46.1,44.9
2025-10-28,55.2,42.4,48.9,51.7
2025-10-29,58.0,43.8,51.8,52.8
2025-10-30,57.0,41.9,47.9,46.2
2025-10-31,57.5,37.7,47.6,54.0
2025-11-01,60.6,45.6,55.3,58.4
2025-11-02,55.7,39.8,47.7,47.3
2025-11-03,49.4,46.0,47.6,46.8
2025-11-04,57.7,44.4,49.9,52.5
2025-11-05,60.6,50.6,54.1,51.3
2025-11-06,60.9,50.4,54.6,53.4
2025-11-07,56.8,44.5,50.0,48.8
2025-11-08,59.1,40.5,48.1,48.1
2025-11-09,58.6,42.6,49.5,50.8
2025-11-10,55.2,43.0,49.1,51.8
2025-11-11,56.0,43.4,49.8,49.3
2025-11-12,58.6,46.4,51.3,53.4
2025-11-13,60.3,50.5,53.3,53.8
2025-11-14,57.7,47.8,52.8,53.2
2025-11-15,59.0,50.5,54.7,53.1
2025-11-16,53.0,46.8,50.2,51.4
2025-11-17,52.3,38.9,48.4,51.2
2025-11-18,49.0,35.5,41.0,41.5
2025-11-19,47.0,35.0,40.6,41.1
2025-11-20,52.6,40.6,45.4,44.2
2025-11-21,48.5,34.8,40.3,44.1
2025-11-22,46.0,37.2,39.9,42.2
2025-11-23,46.4,39.0,43.4,45.6
2025-11-24,48.7,37.2,43.0,43.2
2025-11-25,45.1,38.0,41.3,41.9
2025-11-26,49.2,44.2,47.3,48.7
2025-11-27,54.9,45.5,49.8,49.4
2025-11-28,55.0,46.2,50.8,50.4
2025-11-29,48.8,38.3,44.0,41.0
2025-11-30,48.6,36.5,43.0,41.0
2025-12-01,45.7,31.9,37.6,38.1
2025-12-02,51.3,38.3,42.8,45.5
2025-12-03,44.4,38.9,41.1,41.5
2025-12-04,47.0,38.3,41.1,46.6
2025-12-05,55.9,47.5,52.0,53.5
2025-12-06,55.2,47.5,50.4,48.9
2025-12-07,55.9,47.8,50.7,52.4
2025-12-08,56.2,47.8,53.4,54.2
2025-12-09,56.5,46.0,50.7,54.5
2025-12-10,59.3,56.2,57.2,55.0
2025-12-11,59.7,52.7,56.1,53.3
2025-12-12,54.7,47.5,49.8,52.1
2025-12-13,52.6,41.5,46.9,47.7
2025-12-14,50.0,40.2,45.4,46.0
2025-12-15,59.9,49.4,53.4,56.0
2025-12-16,59.2,51.2,55.0,54.9
2025-12-17,56.9,41.1,46.7,54.5
2025-12-18,55.9,43.1,48.7,53.2
2025-12-19,49.7,39.3,43.5,47.0
2025-12-20,49.4,39.4,43.4,38.5
2025-12-21,44.6,36.8,42.0,43.1
2025-12-22,50.6,39.7,44.1,42.9
2025-12-23,44.6,41.9,43.0,43.0
2025-12-24,50.4,40.5,43.9,43.2
2025-12-25,50.7,39.3,43.4,43.6
2025-12-26,48.8,39.2,41.7,42.9
2025-12-27,45.5,37.5,40.9,37.8
2025-12-28,42.0,30.6,36.8,37.0
2025-12-29,43.7,34.2,38.1,32.7
2025-12-30,44.8,31.7,36.5,33.6
2025-12-31,44.8,28.0,34.0,33.1
2026-01-01,39.3,32.6,36.6,38.9
2026-01-02,49.4,39.9,44.6,47.4
2026-01-03,53.2,43.3,47.3,47.5
2026-01-04,49.7,41.6,46.3,47.0
2026-01-05,46.5,36.0,40.7,41.1
2026-01-06,45.9,32.9,40.1,44.3
2026-01-07,44.3,34.2,39.0,42.4
2026-01-08,44.4,32.0,37.6,39.5
2026-01-09,49.1,34.8,41.0,41.8
2026-01-10,45.9,34.2,39.3,40.2
2026-01-11,54.7,38.1,44.5,41.8
2026-01-12,52.3,38.8,43.9,45.4
2026-01-13,48.1,34.9,39.4,45.3
2026-01-14,46.1,33.1,37.2,42.3
2026-01-15,54.8,39.7,45.1,44.8
2026-01-16,50.5,39.8,43.8,38.0
2026-01-17,47.1,34.6,39.8,35.8
2026-01-18,46.4,31.5,37.2,35.9
2026-01-19,46.1,32.0,37.0,34.0
2026-01-20,45.6,26.2,34.7,33.3
2026-01-21,42.3,28.1,33.2,31.8
2026-01-22,38.0,27.3,32.3,31.6
2026-01-23,43.8,31.7,36.4,29.5
2026-01-24,44.0,25.9,32.6,31.5
2026-01-25,42.8,21.0,30.2,25.4
2026-01-26,46.1,25.8,33.7,32.9
2026-01-27,46.7,29.2,35.6,33.8
2026-01-28,51.3,33.3,43.2,45.3
2026-01-29,49.0,43.5,46.5,45.6
2026-01-30,51.7,42.3,46.5,45.0
2026-01-31,55.4,41.9,46.3,48.8
2026-02-01,55.5,42.0,47.9,47.8
2026-02-02,56.5,41.6,47.6,48.8
2026-02-03,54.7,37.3,45.4,48.0
2026-02-04,58.5,41.4,47.8,49.0
2026-02-05,57.8,40.7,46.8,50.5
2026-02-06,52.5,32.9,41.9,44.9
2026-02-07,51.0,39.7,46.4,48.9
2026-02-08,49.5,43.2,47.5,48.7
2026-02-09,53.2,40.7,44.7,44.2
2026-02-10,53.9,36.0,43.1,40.6
2026-02-11,54.9,35.8,43.8,41.4
2026-02-12,53.4,31.5,40.5,44.2
2026-02-13,46.9,37.2,42.1,43.2
2026-02-14,46.3,36.8,41.1,41.8
2026-02-15,50.7,39.3,43.5,42.1
2026-02-16,43.2,35.3,40.0,41.4
2026-02-17,42.8,31.8,36.3,35.3
2026-02-18,44.1,29.7,34.9,35.0
2026-02-19,43.3,32.5,36.5,35.6
2026-02-20,45.9,29.4,37.1,34.8
2026-02-21,51.3,36.2,41.7,43.1
2026-02-22,51.1,41.5,45.6,46.6
2026-02-23,47.8,39.9,43.8,46.0
2026-02-24,45.8,40.4,42.5,43.7
2026-02-25,51.3,33.8,42.3,39.9
2026-02-26,51.4,28.8,39.7,39.5
2026-02-27,54.7,29.2,40.3,43.9
2026-02-28,54.4,35.0,42.8,45.3
2026-03-01,55.3,37.4,46.2,47.1
2026-03-02,58.4,42.5,49.0,51.3
2026-03-03,56.8,43.3,49.4,48.9
2026-03-04,50.8,44.4,48.1,47.2
2026-03-05,49.8,40.9,45.6,42.7
2026-03-06,49.4,41.5,45.4,47.7
2026-03-07,61.4,44.6,50.6,49.3
2026-03-08,53.2,41.7,48.1,48.1
2026-03-09,47.3,35.4,40.6,36.8
2026-03-10,43.9,30.2,37.8,40.5
2026-03-11,51.2,41.6,46.4,48.5
2026-03-12,51.3,45.1,48.1,49.6
2026-03-13,54.5,49.9,52.0,51.3
2026-03-14,52.3,39.1,46.0,49.9
2026-03-15,47.1,35.7,41.7,42.5
2026-03-16,67.4,42.3,51.4,57.4
2026-03-17,59.8,46.9,51.1,49.5
2026-03-18,64.7,43.2,53.0,51.0
2026-03-19,64.1,48.1,55.2,55.1
2026-03-20,59.9,49.2,54.1,54.7
2026-03-21,54.4,41.3,48.0,48.3
2026-03-22,56.4,31.5,43.8,39.6
2026-03-23,54.1,33.6,44.6,44.2
2026-03-24,54.6,46.8,51.1,51.1
2026-03-25,54.4,36.2,44.9,44.7
2026-03-26,53.2,30.1,41.5,37.6
2026-03-27,63.0,34.6,48.1,44.3
2026-03-28,60.3,40.0,48.5,45.0
2026-03-29,51.7,40.5,44.7,44.2
2026-03-30,55.2,34.3,43.6,36.3
2026-03-31,54.0,38.6,45.3,46.4
2026-04-01,48.7,40.9,46.0,46.0
2026-04-02,54.6,35.9,44.6,41.2
2026-04-03,59.1,32.3,45.6,45.3
2026-04-04,68.9,39.7,53.5,52.8
2026-04-05,72.9,46.0,58.4,58.9
2026-04-06,73.2,44.8,56.8,55.5
2026-04-07,59.6,41.8,50.4,47.6
2026-04-08,66.3,36.4,50.6,50.3
2026-04-09,71.3,39.0,55.1,53.7
2026-04-10,66.8,47.8,57.9,56.5
2026-04-11,61.2,49.4,53.4,51.6
2026-04-12,53.3,45.9,50.2,50.2
2026-04-13,54.2,43.2,49.1,45.4
2026-04-14,48.9,41.0,45.5,44.9
2026-04-15,49.3,38.8,45.0,45.7
2026-04-16,54.1,33.1,43.1,38.3
2026-04-17,55.3,36.0,45.9,42.7
2026-04-18,67.9,36.7,51.4,54.8
2026-04-19,69.9,45.2,56.3,54.6
2026-04-20,62.2,47.1,55.4,53.9
2026-04-21,56.6,49.4,52.9,51.3
2026-04-22,53.5,45.9,49.2,47.8
2026-04-23,56.4,42.2,49.3,45.8
2026-04-24,63.4,40.3,51.7,44.2
2026-04-25,64.7,40.3,52.5,42.1
2026-04-26,64.0,39.9,51.8,47.8
2026-04-27,60.2,42.1,49.6,45.1
2026-04-28,58.4,42.8,50.1,45.2
2026-04-29,67.1,40.0,53.1,51.5
2026-04-30,75.7,43.5,58.8,55.0
2026-05-01,70.0,47.1,56.9,57.3
2026-05-02,67.7,47.0,56.8,57.9
2026-05-03,85.6,51.2,67.6,60.1
2026-05-04,71.2,50.5,59.8,58.2
2026-05-05,66.9,49.5,57.2,54.6
2026-05-06,69.1,50.9,58.7,53.6
2026-05-07,67.6,51.5,57.3,52.6
2026-05-08,66.2,47.7,55.8,50.5
2026-05-09,75.1,45.9,60.3,55.5
2026-05-10,68.3,50.0,58.3,51.7
2026-05-11,76.7,47.8,61.4,56.5
2026-05-12,75.6,50.3,61.3,57.5
2026-05-13,61.7,50.4,55.0,50.9
2026-05-14,61.8,48.7,54.0,49.9
2026-05-15,56.0,42.5,50.0,46.8
2026-05-16,55.7,42.6,49.2,44.0
2026-05-17,60.5,39.4,50.8,46.8
2026-05-18,66.7,46.1,54.9,48.8
2026-05-19,66.6,44.3,56.0,54.4
2026-05-20,67.3,47.8,57.2,49.9
2026-05-21,78.8,49.3,63.7,55.1
2026-05-22,77.6,51.6,64.3,56.5
2026-05-23,72.1,49.1,59.9,52.7
2026-05-24,74.3,46.5,60.1,56.4
2026-05-25,58.7,49.7,53.9,51.1
2026-05-26,62.4,48.3,54.9,49.3
2026-05-27,74.5,47.1,61.1,56.8
2026-05-28,76.8,52.3,63.9,59.5
2026-05-29,64.3,50.2,56.8,51.2
2026-05-30,64.5,44.4,54.1,41.6
2026-05-31,69.8,42.9,56.1,46.2
2026-06-01,82.4,48.1,65.1,47.6
