discharge,qualifiers_discharge,dateTime
30200,['A'],2022-06-01T00:00:00.000
26900,['A'],2022-06-02T00:00:00.000
24500,['A'],2022-06-03T00:00:00.000
24600,['A'],2022-06-04T00:00:00.000
25600,['A'],2022-06-05T00:00:00.000
28800,['A'],2022-06-06T00:00:00.000
32500,['A'],2022-06-07T00:00:00.000
32800,['A'],2022-06-08T00:00:00.000
30500,['A'],2022-06-09T00:00:00.000
28200,['A'],2022-06-10T00:00:00.000
34600,['A'],2022-06-11T00:00:00.000
50200,['A'],2022-06-12T00:00:00.000
62300,['A'],2022-06-13T00:00:00.000
69400,['A'],2022-06-14T00:00:00.000
68600,['A'],2022-06-15T00:00:00.000
61000,"['A', 'e']",2022-06-16T00:00:00.000
49800,['A'],2022-06-17T00:00:00.000
40600,['A'],2022-06-18T00:00:00.000
35100,['A'],2022-06-19T00:00:00.000
32000,['A'],2022-06-20T00:00:00.000
29800,['A'],2022-06-21T00:00:00.000
26800,['A'],2022-06-22T00:00:00.000
24400,['A'],2022-06-23T00:00:00.000
22900,['A'],2022-06-24T00:00:00.000
21500,['A'],2022-06-25T00:00:00.000
19500,['A'],2022-06-26T00:00:00.000
18000,['A'],2022-06-27T00:00:00.000
16900,['A'],2022-06-28T00:00:00.000
16300,['A'],2022-06-29T00:00:00.000
16500,['A'],2022-06-30T00:00:00.000
16300,['A'],2022-07-01T00:00:00.000
15700,['A'],2022-07-02T00:00:00.000
15400,['A'],2022-07-03T00:00:00.000
15800,['A'],2022-07-04T00:00:00.000
16100,['A'],2022-07-05T00:00:00.000
15900,['A'],2022-07-06T00:00:00.000
14800,['A'],2022-07-07T00:00:00.000
13900,['A'],2022-07-08T00:00:00.000
12700,['A'],2022-07-09T00:00:00.000
12200,['A'],2022-07-10T00:00:00.000
11900,['A'],2022-07-11T00:00:00.000
11700,['A'],2022-07-12T00:00:00.000
11200,['A'],2022-07-13T00:00:00.000
11100,['A'],2022-07-14T00:00:00.000
11000,['A'],2022-07-15T00:00:00.000
10700,['A'],2022-07-16T00:00:00.000
10000,['A'],2022-07-17T00:00:00.000
9440,['A'],2022-07-18T00:00:00.000
9220,['A'],2022-07-19T00:00:00.000
9130,['A'],2022-07-20T00:00:00.000
8680,['A'],2022-07-21T00:00:00.000
8240,['A'],2022-07-22T00:00:00.000
7900,['A'],2022-07-23T00:00:00.000
8300,['A'],2022-07-24T00:00:00.000
8240,['A'],2022-07-25T00:00:00.000
8070,['A'],2022-07-26T00:00:00.000
7930,['A'],2022-07-27T00:00:00.000
7730,['A'],2022-07-28T00:00:00.000
7730,['A'],2022-07-29T00:00:00.000
7820,['A'],2022-07-30T00:00:00.000
8060,['A'],2022-07-31T00:00:00.000
7940,['A'],2022-08-01T00:00:00.000
7900,['A'],2022-08-02T00:00:00.000
7750,['A'],2022-08-03T00:00:00.000
7370,['A'],2022-08-04T00:00:00.000
7320,['A'],2022-08-05T00:00:00.000
7300,['A'],2022-08-06T00:00:00.000
7490,['A'],2022-08-07T00:00:00.000
7510,['A'],2022-08-08T00:00:00.000
7400,['A'],2022-08-09T00:00:00.000
7410,['A'],2022-08-10T00:00:00.000
7720,['A'],2022-08-11T00:00:00.000
7590,['A'],2022-08-12T00:00:00.000
7620,['A'],2022-08-13T00:00:00.000
7630,['A'],2022-08-14T00:00:00.000
7620,['A'],2022-08-15T00:00:00.000
7500,['A'],2022-08-16T00:00:00.000
7460,['A'],2022-08-17T00:00:00.000
7470,['A'],2022-08-18T00:00:00.000
7440,['A'],2022-08-19T00:00:00.000
7580,['A'],2022-08-20T00:00:00.000
7590,['A'],2022-08-21T00:00:00.000
7670,['A'],2022-08-22T00:00:00.000
7460,['A'],2022-08-23T00:00:00.000
7380,['A'],2022-08-24T00:00:00.000
7210,['A'],2022-08-25T00:00:00.000
7060,['A'],2022-08-26T00:00:00.000
7100,['A'],2022-08-27T00:00:00.000
7440,['A'],2022-08-28T00:00:00.000
7920,['A'],2022-08-29T00:00:00.000
7800,['A'],2022-08-30T00:00:00.000
7950,['A'],2022-08-31T00:00:00.000
7550,['A'],2022-09-01T00:00:00.000
8340,['A'],2022-09-02T00:00:00.000
9210,['A'],2022-09-03T00:00:00.000
9840,['A'],2022-09-04T00:00:00.000
10000,['A'],2022-09-05T00:00:00.000
9950,['A'],2022-09-06T00:00:00.000
10100,['A'],2022-09-07T00:00:00.000
9960,['A'],2022-09-08T00:00:00.000
9900,['A'],2022-09-09T00:00:00.000
9830,['A'],2022-09-10T00:00:00.000
9870,['A'],2022-09-11T00:00:00.000
9590,['A'],2022-09-12T00:00:00.000
9650,['A'],2022-09-13T00:00:00.000
9250,['A'],2022-09-14T00:00:00.000
9240,['A'],2022-09-15T00:00:00.000
9110,['A'],2022-09-16T00:00:00.000
9010,['A'],2022-09-17T00:00:00.000
8900,['A'],2022-09-18T00:00:00.000
8890,['A'],2022-09-19T00:00:00.000
9060,['A'],2022-09-20T00:00:00.000
8970,['A'],2022-09-21T00:00:00.000
8940,['A'],2022-09-22T00:00:00.000
8790,['A'],2022-09-23T00:00:00.000
8790,['A'],2022-09-24T00:00:00.000
8990,['A'],2022-09-25T00:00:00.000
9010,['A'],2022-09-26T00:00:00.000
8890,['A'],2022-09-27T00:00:00.000
8880,['A'],2022-09-28T00:00:00.000
8970,['A'],2022-09-29T00:00:00.000
8990,['A'],2022-09-30T00:00:00.000
9410,['A'],2022-10-01T00:00:00.000
10000,['A'],2022-10-02T00:00:00.000
10300,['A'],2022-10-03T00:00:00.000
10200,['A'],2022-10-04T00:00:00.000
10400,['A'],2022-10-05T00:00:00.000
10500,['A'],2022-10-06T00:00:00.000
10700,['A'],2022-10-07T00:00:00.000
10900,['A'],2022-10-08T00:00:00.000
11200,['A'],2022-10-09T00:00:00.000
11600,['A'],2022-10-10T00:00:00.000
11400,['A'],2022-10-11T00:00:00.000
10800,['A'],2022-10-12T00:00:00.000
10500,['A'],2022-10-13T00:00:00.000
10800,['A'],2022-10-14T00:00:00.000
11400,['A'],2022-10-15T00:00:00.000
11700,['A'],2022-10-16T00:00:00.000
11600,['A'],2022-10-17T00:00:00.000
11800,['A'],2022-10-18T00:00:00.000
11900,['A'],2022-10-19T00:00:00.000
11700,['A'],2022-10-20T00:00:00.000
12100,['A'],2022-10-21T00:00:00.000
13000,['A'],2022-10-22T00:00:00.000
14800,['A'],2022-10-23T00:00:00.000
17100,['A'],2022-10-24T00:00:00.000
18000,['A'],2022-10-25T00:00:00.000
18800,['A'],2022-10-26T00:00:00.000
19300,['A'],2022-10-27T00:00:00.000
19300,['A'],2022-10-28T00:00:00.000
18500,['A'],2022-10-29T00:00:00.000
17500,['A'],2022-10-30T00:00:00.000
16900,['A'],2022-10-31T00:00:00.000
17000,['A'],2022-11-01T00:00:00.000
18000,['A'],2022-11-02T00:00:00.000
18700,['A'],2022-11-03T00:00:00.000
18400,['A'],2022-11-04T00:00:00.000
26000,['A'],2022-11-05T00:00:00.000
40100,['A'],2022-11-06T00:00:00.000
36100,['A'],2022-11-07T00:00:00.000
36100,['A'],2022-11-08T00:00:00.000
30400,['A'],2022-11-09T00:00:00.000
25300,"['A', 'e']",2022-11-10T00:00:00.000
22900,['A'],2022-11-11T00:00:00.000
21100,['A'],2022-11-12T00:00:00.000
20000,['A'],2022-11-13T00:00:00.000
19100,['A'],2022-11-14T00:00:00.000
17700,['A'],2022-11-15T00:00:00.000
17100,['A'],2022-11-16T00:00:00.000
16300,['A'],2022-11-17T00:00:00.000
15400,['A'],2022-11-18T00:00:00.000
14800,['A'],2022-11-19T00:00:00.000
14800,['A'],2022-11-20T00:00:00.000
14500,['A'],2022-11-21T00:00:00.000
14100,['A'],2022-11-22T00:00:00.000
13800,['A'],2022-11-23T00:00:00.000
14400,['A'],2022-11-24T00:00:00.000
14200,['A'],2022-11-25T00:00:00.000
14200,['A'],2022-11-26T00:00:00.000
14300,['A'],2022-11-27T00:00:00.000
15100,['A'],2022-11-28T00:00:00.000
17000,['A'],2022-11-29T00:00:00.000
21200,['A'],2022-11-30T00:00:00.000
33400,['A'],2022-12-01T00:00:00.000
35800,['A'],2022-12-02T00:00:00.000
30400,['A'],2022-12-03T00:00:00.000
24600,['A'],2022-12-04T00:00:00.000
20300,['A'],2022-12-05T00:00:00.000
17500,['A'],2022-12-06T00:00:00.000
15900,['A'],2022-12-07T00:00:00.000
14800,['A'],2022-12-08T00:00:00.000
15100,['A'],2022-12-09T00:00:00.000
18500,['A'],2022-12-10T00:00:00.000
25400,['A'],2022-12-11T00:00:00.000
26600,['A'],2022-12-12T00:00:00.000
24500,['A'],2022-12-13T00:00:00.000
22100,['A'],2022-12-14T00:00:00.000
19900,['A'],2022-12-15T00:00:00.000
17700,['A'],2022-12-16T00:00:00.000
16200,['A'],2022-12-17T00:00:00.000
14900,['A'],2022-12-18T00:00:00.000
14000,['A'],2022-12-19T00:00:00.000
13500,['A'],2022-12-20T00:00:00.000
13600,['A'],2022-12-21T00:00:00.000
16400,['A'],2022-12-22T00:00:00.000
17300,['A'],2022-12-23T00:00:00.000
17400,['A'],2022-12-24T00:00:00.000
24500,['A'],2022-12-25T00:00:00.000
37600,['A'],2022-12-26T00:00:00.000
54600,['A'],2022-12-27T00:00:00.000
80900,['A'],2022-12-28T00:00:00.000
94800,['A'],2022-12-29T00:00:00.000
92800,['A'],2022-12-30T00:00:00.000
87800,['A'],2022-12-31T00:00:00.000
86500,['A'],2023-01-01T00:00:00.000
79000,['A'],2023-01-02T00:00:00.000
69300,['A'],2023-01-03T00:00:00.000
62900,['A'],2023-01-04T00:00:00.000
57900,['A'],2023-01-05T00:00:00.000
55200,['A'],2023-01-06T00:00:00.000
55300,['A'],2023-01-07T00:00:00.000
55400,['A'],2023-01-08T00:00:00.000
55900,['A'],2023-01-09T00:00:00.000
56000,['A'],2023-01-10T00:00:00.000
50600,['A'],2023-01-11T00:00:00.000
47600,['A'],2023-01-12T00:00:00.000
47100,['A'],2023-01-13T00:00:00.000
43800,['A'],2023-01-14T00:00:00.000
41900,['A'],2023-01-15T00:00:00.000
45200,['A'],2023-01-16T00:00:00.000
47500,['A'],2023-01-17T00:00:00.000
43000,['A'],2023-01-18T00:00:00.000
39900,['A'],2023-01-19T00:00:00.000
36200,['A'],2023-01-20T00:00:00.000
30900,['A'],2023-01-21T00:00:00.000
27600,['A'],2023-01-22T00:00:00.000
25000,['A'],2023-01-23T00:00:00.000
22600,['A'],2023-01-24T00:00:00.000
20300,['A'],2023-01-25T00:00:00.000
19000,['A'],2023-01-26T00:00:00.000
18300,['A'],2023-01-27T00:00:00.000
17900,['A'],2023-01-28T00:00:00.000
17800,['A'],2023-01-29T00:00:00.000
17600,['A'],2023-01-30T00:00:00.000
16700,['A'],2023-01-31T00:00:00.000
16100,['A'],2023-02-01T00:00:00.000
15500,['A'],2023-02-02T00:00:00.000
14900,['A'],2023-02-03T00:00:00.000
14400,['A'],2023-02-04T00:00:00.000
14700,['A'],2023-02-05T00:00:00.000
15900,['A'],2023-02-06T00:00:00.000
17500,['A'],2023-02-07T00:00:00.000
18300,['A'],2023-02-08T00:00:00.000
19300,['A'],2023-02-09T00:00:00.000
18600,['A'],2023-02-10T00:00:00.000
17800,['A'],2023-02-11T00:00:00.000
16900,['A'],2023-02-12T00:00:00.000
16200,['A'],2023-02-13T00:00:00.000
16200,['A'],2023-02-14T00:00:00.000
16700,['A'],2023-02-15T00:00:00.000
16400,['A'],2023-02-16T00:00:00.000
16100,['A'],2023-02-17T00:00:00.000
15600,['A'],2023-02-18T00:00:00.000
15100,['A'],2023-02-19T00:00:00.000
14500,['A'],2023-02-20T00:00:00.000
14100,['A'],2023-02-21T00:00:00.000
15000,['A'],2023-02-22T00:00:00.000
17000,['A'],2023-02-23T00:00:00.000
17800,['A'],2023-02-24T00:00:00.000
16700,['A'],2023-02-25T00:00:00.000
16100,['A'],2023-02-26T00:00:00.000
18000,['A'],2023-02-27T00:00:00.000
19500,['A'],2023-02-28T00:00:00.000
21700,['A'],2023-03-01T00:00:00.000
21800,['A'],2023-03-02T00:00:00.000
21000,['A'],2023-03-03T00:00:00.000
21300,['A'],2023-03-04T00:00:00.000
23000,['A'],2023-03-05T00:00:00.000
22800,['A'],2023-03-06T00:00:00.000
22000,['A'],2023-03-07T00:00:00.000
21200,['A'],2023-03-08T00:00:00.000
20700,['A'],2023-03-09T00:00:00.000
23100,['A'],2023-03-10T00:00:00.000
26500,['A'],2023-03-11T00:00:00.000
26400,['A'],2023-03-12T00:00:00.000
28000,['A'],2023-03-13T00:00:00.000
41500,['A'],2023-03-14T00:00:00.000
46200,['A'],2023-03-15T00:00:00.000
38600,['A'],2023-03-16T00:00:00.000
32300,['A'],2023-03-17T00:00:00.000
28600,['A'],2023-03-18T00:00:00.000
26500,['A'],2023-03-19T00:00:00.000
25800,['A'],2023-03-20T00:00:00.000
27500,['A'],2023-03-21T00:00:00.000
27200,['A'],2023-03-22T00:00:00.000
25200,['A'],2023-03-23T00:00:00.000
25500,['A'],2023-03-24T00:00:00.000
28400,['A'],2023-03-25T00:00:00.000
29900,['A'],2023-03-26T00:00:00.000
29300,['A'],2023-03-27T00:00:00.000
28300,['A'],2023-03-28T00:00:00.000
30100,['A'],2023-03-29T00:00:00.000
29800,['A'],2023-03-30T00:00:00.000
28100,['A'],2023-03-31T00:00:00.000
28900,['A'],2023-04-01T00:00:00.000
37500,['A'],2023-04-02T00:00:00.000
43200,['A'],2023-04-03T00:00:00.000
42400,['A'],2023-04-04T00:00:00.000
39700,['A'],2023-04-05T00:00:00.000
36800,['A'],2023-04-06T00:00:00.000
40400,['A'],2023-04-07T00:00:00.000
47300,['A'],2023-04-08T00:00:00.000
46500,['A'],2023-04-09T00:00:00.000
47800,['A'],2023-04-10T00:00:00.000
62700,['A'],2023-04-11T00:00:00.000
73200,['A'],2023-04-12T00:00:00.000
70400,['A'],2023-04-13T00:00:00.000
59100,['A'],2023-04-14T00:00:00.000
49500,['A'],2023-04-15T00:00:00.000
42400,['A'],2023-04-16T00:00:00.000
38100,['A'],2023-04-17T00:00:00.000
37100,['A'],2023-04-18T00:00:00.000
36400,['A'],2023-04-19T00:00:00.000
38000,['A'],2023-04-20T00:00:00.000
40600,['A'],2023-04-21T00:00:00.000
45300,['A'],2023-04-22T00:00:00.000
48600,['A'],2023-04-23T00:00:00.000
50900,['A'],2023-04-24T00:00:00.000
52800,['A'],2023-04-25T00:00:00.000
50300,['A'],2023-04-26T00:00:00.000
46000,['A'],2023-04-27T00:00:00.000
43600,['A'],2023-04-28T00:00:00.000
43100,['A'],2023-04-29T00:00:00.000
43400,['A'],2023-04-30T00:00:00.000
42800,['A'],2023-05-01T00:00:00.000
39400,['A'],2023-05-02T00:00:00.000
35500,['A'],2023-05-03T00:00:00.000
31700,['A'],2023-05-04T00:00:00.000
30600,['A'],2023-05-05T00:00:00.000
30000,['A'],2023-05-06T00:00:00.000
29000,['A'],2023-05-07T00:00:00.000
28800,['A'],2023-05-08T00:00:00.000
29000,['A'],2023-05-09T00:00:00.000
28000,['A'],2023-05-10T00:00:00.000
27000,['A'],2023-05-11T00:00:00.000
26300,['A'],2023-05-12T00:00:00.000
26200,['A'],2023-05-13T00:00:00.000
26500,['A'],2023-05-14T00:00:00.000
27400,['A'],2023-05-15T00:00:00.000
27800,['A'],2023-05-16T00:00:00.000
26600,['A'],2023-05-17T00:00:00.000
25400,['A'],2023-05-18T00:00:00.000
24600,['A'],2023-05-19T00:00:00.000
23100,['A'],2023-05-20T00:00:00.000
21800,['A'],2023-05-21T00:00:00.000
20600,['A'],2023-05-22T00:00:00.000
20100,['A'],2023-05-23T00:00:00.000
18700,['A'],2023-05-24T00:00:00.000
17400,['A'],2023-05-25T00:00:00.000
16400,['A'],2023-05-26T00:00:00.000
15900,['A'],2023-05-27T00:00:00.000
15600,['A'],2023-05-28T00:00:00.000
15200,['A'],2023-05-29T00:00:00.000
14400,['A'],2023-05-30T00:00:00.000
14000,['A'],2023-05-31T00:00:00.000
13600,['A'],2023-06-01T00:00:00.000
13300,['A'],2023-06-02T00:00:00.000
13100,['A'],2023-06-03T00:00:00.000
12800,['A'],2023-06-04T00:00:00.000
12800,['A'],2023-06-05T00:00:00.000
12600,['A'],2023-06-06T00:00:00.000
12400,['A'],2023-06-07T00:00:00.000
12200,['A'],2023-06-08T00:00:00.000
11700,['A'],2023-06-09T00:00:00.000
11700,['A'],2023-06-10T00:00:00.000
11800,['A'],2023-06-11T00:00:00.000
11700,['A'],2023-06-12T00:00:00.000
11400,['A'],2023-06-13T00:00:00.000
11100,['A'],2023-06-14T00:00:00.000
10500,['A'],2023-06-15T00:00:00.000
10500,['A'],2023-06-16T00:00:00.000
10200,['A'],2023-06-17T00:00:00.000
10100,['A'],2023-06-18T00:00:00.000
9930,['A'],2023-06-19T00:00:00.000
10000,['A'],2023-06-20T00:00:00.000
10100,['A'],2023-06-21T00:00:00.000
9620,['A'],2023-06-22T00:00:00.000
9350,['A'],2023-06-23T00:00:00.000
9460,['A'],2023-06-24T00:00:00.000
9180,['A'],2023-06-25T00:00:00.000
9060,['A'],2023-06-26T00:00:00.000
9020,['A'],2023-06-27T00:00:00.000
9040,['A'],2023-06-28T00:00:00.000
8880,['A'],2023-06-29T00:00:00.000
8680,['A'],2023-06-30T00:00:00.000
8550,['A'],2023-07-01T00:00:00.000
8390,['A'],2023-07-02T00:00:00.000
8330,['A'],2023-07-03T00:00:00.000
8210,['A'],2023-07-04T00:00:00.000
8130,['A'],2023-07-05T00:00:00.000
8030,['A'],2023-07-06T00:00:00.000
7880,['A'],2023-07-07T00:00:00.000
7860,['A'],2023-07-08T00:00:00.000
7940,['A'],2023-07-09T00:00:00.000
8010,['A'],2023-07-10T00:00:00.000
8010,['A'],2023-07-11T00:00:00.000
7920,['A'],2023-07-12T00:00:00.000
7850,['A'],2023-07-13T00:00:00.000
7790,['A'],2023-07-14T00:00:00.000
7660,['A'],2023-07-15T00:00:00.000
7380,['A'],2023-07-16T00:00:00.000
6960,['A'],2023-07-17T00:00:00.000
6810,['A'],2023-07-18T00:00:00.000
6780,['A'],2023-07-19T00:00:00.000
6840,['A'],2023-07-20T00:00:00.000
6770,['A'],2023-07-21T00:00:00.000
6860,['A'],2023-07-22T00:00:00.000
6590,['A'],2023-07-23T00:00:00.000
6440,['A'],2023-07-24T00:00:00.000
6510,['A'],2023-07-25T00:00:00.000
6490,['A'],2023-07-26T00:00:00.000
6520,['A'],2023-07-27T00:00:00.000
6600,['A'],2023-07-28T00:00:00.000
6430,['A'],2023-07-29T00:00:00.000
6470,['A'],2023-07-30T00:00:00.000
6520,['A'],2023-07-31T00:00:00.000
6540,['A'],2023-08-01T00:00:00.000
6470,['A'],2023-08-02T00:00:00.000
6230,['A'],2023-08-03T00:00:00.000
6350,['A'],2023-08-04T00:00:00.000
6340,['A'],2023-08-05T00:00:00.000
6610,['A'],2023-08-06T00:00:00.000
6860,['A'],2023-08-07T00:00:00.000
6770,['A'],2023-08-08T00:00:00.000
6770,['A'],2023-08-09T00:00:00.000
6600,['A'],2023-08-10T00:00:00.000
6540,['A'],2023-08-11T00:00:00.000
6630,['A'],2023-08-12T00:00:00.000
6610,['A'],2023-08-13T00:00:00.000
6800,['A'],2023-08-14T00:00:00.000
6740,['A'],2023-08-15T00:00:00.000
6630,['A'],2023-08-16T00:00:00.000
6490,['A'],2023-08-17T00:00:00.000
6330,['A'],2023-08-18T00:00:00.000
6290,['A'],2023-08-19T00:00:00.000
6110,['A'],2023-08-20T00:00:00.000
6090,['A'],2023-08-21T00:00:00.000
6140,['A'],2023-08-22T00:00:00.000
6150,['A'],2023-08-23T00:00:00.000
6180,['A'],2023-08-24T00:00:00.000
6320,['A'],2023-08-25T00:00:00.000
6450,['A'],2023-08-26T00:00:00.000
6690,['A'],2023-08-27T00:00:00.000
6680,['A'],2023-08-28T00:00:00.000
6970,['A'],2023-08-29T00:00:00.000
7010,['A'],2023-08-30T00:00:00.000
7150,['A'],2023-08-31T00:00:00.000
7990,['A'],2023-09-01T00:00:00.000
7690,['A'],2023-09-02T00:00:00.000
7260,['A'],2023-09-03T00:00:00.000
6730,['A'],2023-09-04T00:00:00.000
6900,['A'],2023-09-05T00:00:00.000
6760,['A'],2023-09-06T00:00:00.000
6730,['A'],2023-09-07T00:00:00.000
6500,['A'],2023-09-08T00:00:00.000
6550,['A'],2023-09-09T00:00:00.000
6430,['A'],2023-09-10T00:00:00.000
6320,['A'],2023-09-11T00:00:00.000
6450,['A'],2023-09-12T00:00:00.000
6050,['A'],2023-09-13T00:00:00.000
6000,['A'],2023-09-14T00:00:00.000
6120,['A'],2023-09-15T00:00:00.000
6000,['A'],2023-09-16T00:00:00.000
5860,['A'],2023-09-17T00:00:00.000
5830,['A'],2023-09-18T00:00:00.000
5850,['A'],2023-09-19T00:00:00.000
5800,['A'],2023-09-20T00:00:00.000
5840,['A'],2023-09-21T00:00:00.000
5960,['A'],2023-09-22T00:00:00.000
6080,['A'],2023-09-23T00:00:00.000
6420,['A'],2023-09-24T00:00:00.000
6920,['A'],2023-09-25T00:00:00.000
7550,['A'],2023-09-26T00:00:00.000
7740,['A'],2023-09-27T00:00:00.000
7750,['A'],2023-09-28T00:00:00.000
7970,['A'],2023-09-29T00:00:00.000
7760,['A'],2023-09-30T00:00:00.000
8240,['A'],2023-10-01T00:00:00.000
8770,['A'],2023-10-02T00:00:00.000
8600,['A'],2023-10-03T00:00:00.000
8800,['A'],2023-10-04T00:00:00.000
9180,['A'],2023-10-05T00:00:00.000
9470,['A'],2023-10-06T00:00:00.000
9670,['A'],2023-10-07T00:00:00.000
9760,['A'],2023-10-08T00:00:00.000
9730,['A'],2023-10-09T00:00:00.000
9830,['A'],2023-10-10T00:00:00.000
10300,['A'],2023-10-11T00:00:00.000
12600,['A'],2023-10-12T00:00:00.000
15100,['A'],2023-10-13T00:00:00.000
14100,['A'],2023-10-14T00:00:00.000
13000,['A'],2023-10-15T00:00:00.000
12500,['A'],2023-10-16T00:00:00.000
12300,['A'],2023-10-17T00:00:00.000
13800,['A'],2023-10-18T00:00:00.000
14700,['A'],2023-10-19T00:00:00.000
14700,['A'],2023-10-20T00:00:00.000
14400,['A'],2023-10-21T00:00:00.000
13200,['A'],2023-10-22T00:00:00.000
12700,['A'],2023-10-23T00:00:00.000
12100,['A'],2023-10-24T00:00:00.000
11900,['A'],2023-10-25T00:00:00.000
12800,['A'],2023-10-26T00:00:00.000
13600,['A'],2023-10-27T00:00:00.000
12700,['A'],2023-10-28T00:00:00.000
12300,['A'],2023-10-29T00:00:00.000
12800,['A'],2023-10-30T00:00:00.000
12400,['A'],2023-10-31T00:00:00.000
11600,['A'],2023-11-01T00:00:00.000
11400,['A'],2023-11-02T00:00:00.000
11800,['A'],2023-11-03T00:00:00.000
12800,['A'],2023-11-04T00:00:00.000
16700,['A'],2023-11-05T00:00:00.000
26100,['A'],2023-11-06T00:00:00.000
34300,['A'],2023-11-07T00:00:00.000
37500,['A'],2023-11-08T00:00:00.000
32700,['A'],2023-11-09T00:00:00.000
27600,['A'],2023-11-10T00:00:00.000
24200,['A'],2023-11-11T00:00:00.000
21500,['A'],2023-11-12T00:00:00.000
20300,['A'],2023-11-13T00:00:00.000
19000,['A'],2023-11-14T00:00:00.000
17400,['A'],2023-11-15T00:00:00.000
16500,['A'],2023-11-16T00:00:00.000
16000,['A'],2023-11-17T00:00:00.000
14900,['A'],2023-11-18T00:00:00.000
14000,['A'],2023-11-19T00:00:00.000
14900,['A'],2023-11-20T00:00:00.000
15500,['A'],2023-11-21T00:00:00.000
15600,['A'],2023-11-22T00:00:00.000
16200,['A'],2023-11-23T00:00:00.000
16000,['A'],2023-11-24T00:00:00.000
15800,['A'],2023-11-25T00:00:00.000
15200,['A'],2023-11-26T00:00:00.000
14900,['A'],2023-11-27T00:00:00.000
14200,['A'],2023-11-28T00:00:00.000
13600,['A'],2023-11-29T00:00:00.000
13000,['A'],2023-11-30T00:00:00.000
12700,['A'],2023-12-01T00:00:00.000
14400,['A'],2023-12-02T00:00:00.000
22300,['A'],2023-12-03T00:00:00.000
51600,['A'],2023-12-04T00:00:00.000
76900,['A'],2023-12-05T00:00:00.000
83900,['A'],2023-12-06T00:00:00.000
84000,['A'],2023-12-07T00:00:00.000
85700,['A'],2023-12-08T00:00:00.000
81000,['A'],2023-12-09T00:00:00.000
75500,['A'],2023-12-10T00:00:00.000
81200,['A'],2023-12-11T00:00:00.000
89100,['A'],2023-12-12T00:00:00.000
86000,['A'],2023-12-13T00:00:00.000
76400,['A'],2023-12-14T00:00:00.000
65700,['A'],2023-12-15T00:00:00.000
57100,['A'],2023-12-16T00:00:00.000
48200,['A'],2023-12-17T00:00:00.000
41800,['A'],2023-12-18T00:00:00.000
37300,['A'],2023-12-19T00:00:00.000
34700,['A'],2023-12-20T00:00:00.000
31100,['A'],2023-12-21T00:00:00.000
28500,['A'],2023-12-22T00:00:00.000
26600,['A'],2023-12-23T00:00:00.000
23700,['A'],2023-12-24T00:00:00.000
20700,['A'],2023-12-25T00:00:00.000
21000,['A'],2023-12-26T00:00:00.000
22300,['A'],2023-12-27T00:00:00.000
22600,['A'],2023-12-28T00:00:00.000
23100,['A'],2023-12-29T00:00:00.000
21900,['A'],2023-12-30T00:00:00.000
21600,['A'],2023-12-31T00:00:00.000
21100,['A'],2024-01-01T00:00:00.000
20400,['A'],2024-01-02T00:00:00.000
19700,['A'],2024-01-03T00:00:00.000
19700,['A'],2024-01-04T00:00:00.000
21400,['A'],2024-01-05T00:00:00.000
25600,['A'],2024-01-06T00:00:00.000
34400,['A'],2024-01-07T00:00:00.000
39400,['A'],2024-01-08T00:00:00.000
44700,['A'],2024-01-09T00:00:00.000
65200,['A'],2024-01-10T00:00:00.000
78600,['A'],2024-01-11T00:00:00.000
81600,['A'],2024-01-12T00:00:00.000
75600,['A'],2024-01-13T00:00:00.000
70700,['A'],2024-01-14T00:00:00.000
70200,['A'],2024-01-15T00:00:00.000
68900,['A'],2024-01-16T00:00:00.000
58700,['A'],2024-01-17T00:00:00.000
66200,['A'],2024-01-18T00:00:00.000
95000,['A'],2024-01-19T00:00:00.000
107000,['A'],2024-01-20T00:00:00.000
106000,['A'],2024-01-21T00:00:00.000
99100,['A'],2024-01-22T00:00:00.000
101000,['A'],2024-01-23T00:00:00.000
105000,['A'],2024-01-24T00:00:00.000
106000,['A'],2024-01-25T00:00:00.000
107000,['A'],2024-01-26T00:00:00.000
104000,['A'],2024-01-27T00:00:00.000
110000,['A'],2024-01-28T00:00:00.000
111000,['A'],2024-01-29T00:00:00.000
105000,['A'],2024-01-30T00:00:00.000
91900,['A'],2024-01-31T00:00:00.000
81900,['A'],2024-02-01T00:00:00.000
75300,['A'],2024-02-02T00:00:00.000
70400,['A'],2024-02-03T00:00:00.000
65200,['A'],2024-02-04T00:00:00.000
59600,['A'],2024-02-05T00:00:00.000
56000,['A'],2024-02-06T00:00:00.000
54200,['A'],2024-02-07T00:00:00.000
51500,['A'],2024-02-08T00:00:00.000
47900,['A'],2024-02-09T00:00:00.000
44100,['A'],2024-02-10T00:00:00.000
40000,['A'],2024-02-11T00:00:00.000
37900,['A'],2024-02-12T00:00:00.000
34900,['A'],2024-02-13T00:00:00.000
33000,['A'],2024-02-14T00:00:00.000
33300,['A'],2024-02-15T00:00:00.000
39000,['A'],2024-02-16T00:00:00.000
46700,['A'],2024-02-17T00:00:00.000
47800,['A'],2024-02-18T00:00:00.000
44800,['A'],2024-02-19T00:00:00.000
41000,"['A', 'e']",2024-02-20T00:00:00.000
37900,"['A', 'e']",2024-02-21T00:00:00.000
37400,['A'],2024-02-22T00:00:00.000
35400,['A'],2024-02-23T00:00:00.000
31900,['A'],2024-02-24T00:00:00.000
28800,['A'],2024-02-25T00:00:00.000
27000,['A'],2024-02-26T00:00:00.000
29600,['A'],2024-02-27T00:00:00.000
30100,['A'],2024-02-28T00:00:00.000
39400,['A'],2024-02-29T00:00:00.000
65000,['A'],2024-03-01T00:00:00.000
78200,['A'],2024-03-02T00:00:00.000
77000,['A'],2024-03-03T00:00:00.000
69600,['A'],2024-03-04T00:00:00.000
60400,['A'],2024-03-05T00:00:00.000
52700,['A'],2024-03-06T00:00:00.000
45800,['A'],2024-03-07T00:00:00.000
39800,['A'],2024-03-08T00:00:00.000
35900,['A'],2024-03-09T00:00:00.000
34100,['A'],2024-03-10T00:00:00.000
37600,['A'],2024-03-11T00:00:00.000
43600,['A'],2024-03-12T00:00:00.000
51000,['A'],2024-03-13T00:00:00.000
50900,['A'],2024-03-14T00:00:00.000
45200,['A'],2024-03-15T00:00:00.000
40400,['A'],2024-03-16T00:00:00.000
36800,['A'],2024-03-17T00:00:00.000
34900,['A'],2024-03-18T00:00:00.000
33600,['A'],2024-03-19T00:00:00.000
33100,['A'],2024-03-20T00:00:00.000
32200,['A'],2024-03-21T00:00:00.000
31000,['A'],2024-03-22T00:00:00.000
30300,['A'],2024-03-23T00:00:00.000
30400,['A'],2024-03-24T00:00:00.000
29300,['A'],2024-03-25T00:00:00.000
27900,['A'],2024-03-26T00:00:00.000
28300,['A'],2024-03-27T00:00:00.000
32300,['A'],2024-03-28T00:00:00.000
40500,['A'],2024-03-29T00:00:00.000
41400,['A'],2024-03-30T00:00:00.000
36200,['A'],2024-03-31T00:00:00.000
31600,['A'],2024-04-01T00:00:00.000
28700,['A'],2024-04-02T00:00:00.000
26500,['A'],2024-04-03T00:00:00.000
25300,['A'],2024-04-04T00:00:00.000
25000,['A'],2024-04-05T00:00:00.000
24000,['A'],2024-04-06T00:00:00.000
23200,['A'],2024-04-07T00:00:00.000
23200,['A'],2024-04-08T00:00:00.000
22600,['A'],2024-04-09T00:00:00.000
21800,['A'],2024-04-10T00:00:00.000
20900,['A'],2024-04-11T00:00:00.000
19900,['A'],2024-04-12T00:00:00.000
19300,['A'],2024-04-13T00:00:00.000
19100,['A'],2024-04-14T00:00:00.000
19300,['A'],2024-04-15T00:00:00.000
19400,['A'],2024-04-16T00:00:00.000
19200,['A'],2024-04-17T00:00:00.000
18200,['A'],2024-04-18T00:00:00.000
17400,['A'],2024-04-19T00:00:00.000
17100,['A'],2024-04-20T00:00:00.000
16900,['A'],2024-04-21T00:00:00.000
16500,['A'],2024-04-22T00:00:00.000
16200,['A'],2024-04-23T00:00:00.000
15900,['A'],2024-04-24T00:00:00.000
15800,['A'],2024-04-25T00:00:00.000
16100,['A'],2024-04-26T00:00:00.000
18900,['A'],2024-04-27T00:00:00.000
22000,['A'],2024-04-28T00:00:00.000
22100,['A'],2024-04-29T00:00:00.000
23400,['A'],2024-04-30T00:00:00.000
24900,['A'],2024-05-01T00:00:00.000
25600,['A'],2024-05-02T00:00:00.000
27000,['A'],2024-05-03T00:00:00.000
30800,['A'],2024-05-04T00:00:00.000
41900,['A'],2024-05-05T00:00:00.000
53300,['A'],2024-05-06T00:00:00.000
57800,['A'],2024-05-07T00:00:00.000
55000,['A'],2024-05-08T00:00:00.000
48800,['A'],2024-05-09T00:00:00.000
42000,['A'],2024-05-10T00:00:00.000
36900,['A'],2024-05-11T00:00:00.000
33400,['A'],2024-05-12T00:00:00.000
31000,['A'],2024-05-13T00:00:00.000
28600,['A'],2024-05-14T00:00:00.000
25200,['A'],2024-05-15T00:00:00.000
22200,['A'],2024-05-16T00:00:00.000
20100,['A'],2024-05-17T00:00:00.000
18700,['A'],2024-05-18T00:00:00.000
17900,['A'],2024-05-19T00:00:00.000
17100,['A'],2024-05-20T00:00:00.000
16100,['A'],2024-05-21T00:00:00.000
15400,['A'],2024-05-22T00:00:00.000
15500,['A'],2024-05-23T00:00:00.000
15300,['A'],2024-05-24T00:00:00.000
14800,['A'],2024-05-25T00:00:00.000
14400,['A'],2024-05-26T00:00:00.000
14400,['A'],2024-05-27T00:00:00.000
14100,['A'],2024-05-28T00:00:00.000
14000,['A'],2024-05-29T00:00:00.000
13800,['A'],2024-05-30T00:00:00.000
13500,['A'],2024-05-31T00:00:00.000
13400,['A'],2024-06-01T00:00:00.000
13600,['A'],2024-06-02T00:00:00.000
15800,['A'],2024-06-03T00:00:00.000
24000,['A'],2024-06-04T00:00:00.000
22700,['A'],2024-06-05T00:00:00.000
19600,['A'],2024-06-06T00:00:00.000
17700,['A'],2024-06-07T00:00:00.000
16700,['A'],2024-06-08T00:00:00.000
16100,['A'],2024-06-09T00:00:00.000
15000,['A'],2024-06-10T00:00:00.000
14100,['A'],2024-06-11T00:00:00.000
13300,['A'],2024-06-12T00:00:00.000
12400,['A'],2024-06-13T00:00:00.000
11900,['A'],2024-06-14T00:00:00.000
11600,['A'],2024-06-15T00:00:00.000
11500,['A'],2024-06-16T00:00:00.000
11600,['A'],2024-06-17T00:00:00.000
11200,['A'],2024-06-18T00:00:00.000
10700,['A'],2024-06-19T00:00:00.000
10200,['A'],2024-06-20T00:00:00.000
9910,['A'],2024-06-21T00:00:00.000
9670,['A'],2024-06-22T00:00:00.000
9650,['A'],2024-06-23T00:00:00.000
9690,['A'],2024-06-24T00:00:00.000
9500,['A'],2024-06-25T00:00:00.000
9340,['A'],2024-06-26T00:00:00.000
8920,['A'],2024-06-27T00:00:00.000
8600,['A'],2024-06-28T00:00:00.000
9060,['A'],2024-06-29T00:00:00.000
9510,['A'],2024-06-30T00:00:00.000
9940,['A'],2024-07-01T00:00:00.000
10200,['A'],2024-07-02T00:00:00.000
10200,['A'],2024-07-03T00:00:00.000
9950,['A'],2024-07-04T00:00:00.000
9820,['A'],2024-07-05T00:00:00.000
9880,['A'],2024-07-06T00:00:00.000
9780,['A'],2024-07-07T00:00:00.000
9660,['A'],2024-07-08T00:00:00.000
9370,['A'],2024-07-09T00:00:00.000
9310,['A'],2024-07-10T00:00:00.000
9210,['A'],2024-07-11T00:00:00.000
9110,['A'],2024-07-12T00:00:00.000
9090,['A'],2024-07-13T00:00:00.000
9140,['A'],2024-07-14T00:00:00.000
9100,['A'],2024-07-15T00:00:00.000
8310,['A'],2024-07-16T00:00:00.000
7810,['A'],2024-07-17T00:00:00.000
6870,['A'],2024-07-18T00:00:00.000
6850,['A'],2024-07-19T00:00:00.000
7020,['A'],2024-07-20T00:00:00.000
7150,['A'],2024-07-21T00:00:00.000
7280,['A'],2024-07-22T00:00:00.000
7410,['A'],2024-07-23T00:00:00.000
7320,['A'],2024-07-24T00:00:00.000
7570,['A'],2024-07-25T00:00:00.000
8400,['A'],2024-07-26T00:00:00.000
8660,['A'],2024-07-27T00:00:00.000
8590,['A'],2024-07-28T00:00:00.000
8170,['A'],2024-07-29T00:00:00.000
7650,['A'],2024-07-30T00:00:00.000
7460,['A'],2024-07-31T00:00:00.000
7450,['A'],2024-08-01T00:00:00.000
7410,['A'],2024-08-02T00:00:00.000
7310,['A'],2024-08-03T00:00:00.000
7800,['A'],2024-08-04T00:00:00.000
7770,['A'],2024-08-05T00:00:00.000
7480,['A'],2024-08-06T00:00:00.000
7480,['A'],2024-08-07T00:00:00.000
7440,['A'],2024-08-08T00:00:00.000
7430,['A'],2024-08-09T00:00:00.000
7430,['A'],2024-08-10T00:00:00.000
7430,['A'],2024-08-11T00:00:00.000
7370,['A'],2024-08-12T00:00:00.000
7380,['A'],2024-08-13T00:00:00.000
7220,['A'],2024-08-14T00:00:00.000
7170,['A'],2024-08-15T00:00:00.000
7150,['A'],2024-08-16T00:00:00.000
7270,['A'],2024-08-17T00:00:00.000
7490,['A'],2024-08-18T00:00:00.000
7560,['A'],2024-08-19T00:00:00.000
7720,['A'],2024-08-20T00:00:00.000
7230,['A'],2024-08-21T00:00:00.000
7080,['A'],2024-08-22T00:00:00.000
7180,['A'],2024-08-23T00:00:00.000
7400,['A'],2024-08-24T00:00:00.000
7640,['A'],2024-08-25T00:00:00.000
7550,['A'],2024-08-26T00:00:00.000
7290,['A'],2024-08-27T00:00:00.000
7090,['A'],2024-08-28T00:00:00.000
7100,['A'],2024-08-29T00:00:00.000
7140,['A'],2024-08-30T00:00:00.000
7360,['A'],2024-08-31T00:00:00.000
7640,['A'],2024-09-01T00:00:00.000
7670,['A'],2024-09-02T00:00:00.000
7820,['A'],2024-09-03T00:00:00.000
8260,['A'],2024-09-04T00:00:00.000
8500,['A'],2024-09-05T00:00:00.000
8480,['A'],2024-09-06T00:00:00.000
8790,['A'],2024-09-07T00:00:00.000
9270,['A'],2024-09-08T00:00:00.000
9710,['A'],2024-09-09T00:00:00.000
9680,['A'],2024-09-10T00:00:00.000
9690,['A'],2024-09-11T00:00:00.000
9540,['A'],2024-09-12T00:00:00.000
9200,['A'],2024-09-13T00:00:00.000
8850,['A'],2024-09-14T00:00:00.000
8870,['A'],2024-09-15T00:00:00.000
8970,['A'],2024-09-16T00:00:00.000
9280,['A'],2024-09-17T00:00:00.000
9380,['A'],2024-09-18T00:00:00.000
9420,['A'],2024-09-19T00:00:00.000
9920,['A'],2024-09-20T00:00:00.000
10200,['A'],2024-09-21T00:00:00.000
10400,['A'],2024-09-22T00:00:00.000
10500,['A'],2024-09-23T00:00:00.000
10800,['A'],2024-09-24T00:00:00.000
10500,['A'],2024-09-25T00:00:00.000
9870,['A'],2024-09-26T00:00:00.000
9790,['A'],2024-09-27T00:00:00.000
9700,['A'],2024-09-28T00:00:00.000
9260,['A'],2024-09-29T00:00:00.000
8780,['A'],2024-09-30T00:00:00.000
9120,['A'],2024-10-01T00:00:00.000
9320,['A'],2024-10-02T00:00:00.000
9510,['A'],2024-10-03T00:00:00.000
9770,['A'],2024-10-04T00:00:00.000
9720,['A'],2024-10-05T00:00:00.000
9430,['A'],2024-10-06T00:00:00.000
9410,['A'],2024-10-07T00:00:00.000
9440,['A'],2024-10-08T00:00:00.000
9310,['A'],2024-10-09T00:00:00.000
9200,['A'],2024-10-10T00:00:00.000
9100,['A'],2024-10-11T00:00:00.000
9270,['A'],2024-10-12T00:00:00.000
10700,['A'],2024-10-13T00:00:00.000
11600,['A'],2024-10-14T00:00:00.000
11700,['A'],2024-10-15T00:00:00.000
11700,['A'],2024-10-16T00:00:00.000
11700,['A'],2024-10-17T00:00:00.000
11700,['A'],2024-10-18T00:00:00.000
11800,['A'],2024-10-19T00:00:00.000
11700,['A'],2024-10-20T00:00:00.000
12100,['A'],2024-10-21T00:00:00.000
12700,['A'],2024-10-22T00:00:00.000
12900,['A'],2024-10-23T00:00:00.000
12700,['A'],2024-10-24T00:00:00.000
12500,['A'],2024-10-25T00:00:00.000
12500,['A'],2024-10-26T00:00:00.000
13100,['A'],2024-10-27T00:00:00.000
13700,['A'],2024-10-28T00:00:00.000
15000,['A'],2024-10-29T00:00:00.000
14500,['A'],2024-10-30T00:00:00.000
14100,['A'],2024-10-31T00:00:00.000
15700,['A'],2024-11-01T00:00:00.000
22000,['A'],2024-11-02T00:00:00.000
24800,['A'],2024-11-03T00:00:00.000
24800,['A'],2024-11-04T00:00:00.000
23700,['A'],2024-11-05T00:00:00.000
22600,['A'],2024-11-06T00:00:00.000
21400,['A'],2024-11-07T00:00:00.000
21200,['A'],2024-11-08T00:00:00.000
19800,['A'],2024-11-09T00:00:00.000
17900,['A'],2024-11-10T00:00:00.000
16700,['A'],2024-11-11T00:00:00.000
16900,['A'],2024-11-12T00:00:00.000
19000,['A'],2024-11-13T00:00:00.000
26100,['A'],2024-11-14T00:00:00.000
37600,['A'],2024-11-15T00:00:00.000
36300,['A'],2024-11-16T00:00:00.000
32000,['A'],2024-11-17T00:00:00.000
41700,['A'],2024-11-18T00:00:00.000
54900,['A'],2024-11-19T00:00:00.000
59900,['A'],2024-11-20T00:00:00.000
62500,['A'],2024-11-21T00:00:00.000
61500,['A'],2024-11-22T00:00:00.000
63700,['A'],2024-11-23T00:00:00.000
64300,['A'],2024-11-24T00:00:00.000
61600,['A'],2024-11-25T00:00:00.000
56300,['A'],2024-11-26T00:00:00.000
49300,['A'],2024-11-27T00:00:00.000
42900,['A'],2024-11-28T00:00:00.000
37000,['A'],2024-11-29T00:00:00.000
31800,['A'],2024-11-30T00:00:00.000
26800,['A'],2024-12-01T00:00:00.000
23400,['A'],2024-12-02T00:00:00.000
20700,['A'],2024-12-03T00:00:00.000
19000,['A'],2024-12-04T00:00:00.000
17700,['A'],2024-12-05T00:00:00.000
16800,['A'],2024-12-06T00:00:00.000
16100,['A'],2024-12-07T00:00:00.000
16400,['A'],2024-12-08T00:00:00.000
18100,['A'],2024-12-09T00:00:00.000
17700,['A'],2024-12-10T00:00:00.000
17100,['A'],2024-12-11T00:00:00.000
16600,['A'],2024-12-12T00:00:00.000
16500,['A'],2024-12-13T00:00:00.000
17500,['A'],2024-12-14T00:00:00.000
22000,['A'],2024-12-15T00:00:00.000
27300,['A'],2024-12-16T00:00:00.000
35100,['A'],2024-12-17T00:00:00.000
54400,['A'],2024-12-18T00:00:00.000
65900,['A'],2024-12-19T00:00:00.000
61400,['A'],2024-12-20T00:00:00.000
48600,['A'],2024-12-21T00:00:00.000
40800,['A'],2024-12-22T00:00:00.000
37000,['A'],2024-12-23T00:00:00.000
36800,['A'],2024-12-24T00:00:00.000
45100,['A'],2024-12-25T00:00:00.000
59000,['A'],2024-12-26T00:00:00.000
77400,['A'],2024-12-27T00:00:00.000
92500,['A'],2024-12-28T00:00:00.000
99800,['A'],2024-12-29T00:00:00.000
103000,['A'],2024-12-30T00:00:00.000
104000,['A'],2024-12-31T00:00:00.000
97800,['A'],2025-01-01T00:00:00.000
84000,['A'],2025-01-02T00:00:00.000
76000,['A'],2025-01-03T00:00:00.000
81900,['A'],2025-01-04T00:00:00.000
91900,['A'],2025-01-05T00:00:00.000
102000,['A'],2025-01-06T00:00:00.000
105000,['A'],2025-01-07T00:00:00.000
99800,['A'],2025-01-08T00:00:00.000
91000,['A'],2025-01-09T00:00:00.000
78000,['A'],2025-01-10T00:00:00.000
73100,['A'],2025-01-11T00:00:00.000
71100,['A'],2025-01-12T00:00:00.000
68000,['A'],2025-01-13T00:00:00.000
63500,['A'],2025-01-14T00:00:00.000
58800,['A'],2025-01-15T00:00:00.000
55100,['A'],2025-01-16T00:00:00.000
52000,['A'],2025-01-17T00:00:00.000
49000,['A'],2025-01-18T00:00:00.000
46700,['A'],2025-01-19T00:00:00.000
44800,['A'],2025-01-20T00:00:00.000
41600,['A'],2025-01-21T00:00:00.000
38900,['A'],2025-01-22T00:00:00.000
35800,['A'],2025-01-23T00:00:00.000
33500,['A'],2025-01-24T00:00:00.000
32500,['A'],2025-01-25T00:00:00.000
30000,['A'],2025-01-26T00:00:00.000
28000,['A'],2025-01-27T00:00:00.000
25200,['A'],2025-01-28T00:00:00.000
22600,['A'],2025-01-29T00:00:00.000
20100,['A'],2025-01-30T00:00:00.000
18100,['A'],2025-01-31T00:00:00.000
19700,['A'],2025-02-01T00:00:00.000
24600,['A'],2025-02-02T00:00:00.000
25600,['A'],2025-02-03T00:00:00.000
24000,['A'],2025-02-04T00:00:00.000
22000,['A'],2025-02-05T00:00:00.000
20900,['A'],2025-02-06T00:00:00.000
20100,['A'],2025-02-07T00:00:00.000
18700,['A'],2025-02-08T00:00:00.000
17800,['A'],2025-02-09T00:00:00.000
17400,['A'],2025-02-10T00:00:00.000
16600,['A'],2025-02-11T00:00:00.000
16100,['A'],2025-02-12T00:00:00.000
15700,['A'],2025-02-13T00:00:00.000
15800,['A'],2025-02-14T00:00:00.000
18400,['A'],2025-02-15T00:00:00.000
22300,['A'],2025-02-16T00:00:00.000
25600,['A'],2025-02-17T00:00:00.000
40600,['A'],2025-02-18T00:00:00.000
46700,['A'],2025-02-19T00:00:00.000
45500,['A'],2025-02-20T00:00:00.000
44600,['A'],2025-02-21T00:00:00.000
39900,['A'],2025-02-22T00:00:00.000
43400,['A'],2025-02-23T00:00:00.000
71700,['A'],2025-02-24T00:00:00.000
93500,['A'],2025-02-25T00:00:00.000
103000,['A'],2025-02-26T00:00:00.000
92600,['A'],2025-02-27T00:00:00.000
73100,['A'],2025-02-28T00:00:00.000
58600,['A'],2025-03-01T00:00:00.000
50000,['A'],2025-03-02T00:00:00.000
45100,['A'],2025-03-03T00:00:00.000
41100,['A'],2025-03-04T00:00:00.000
37200,['A'],2025-03-05T00:00:00.000
33600,['A'],2025-03-06T00:00:00.000
30600,['A'],2025-03-07T00:00:00.000
27800,['A'],2025-03-08T00:00:00.000
25300,['A'],2025-03-09T00:00:00.000
24200,['A'],2025-03-10T00:00:00.000
22700,['A'],2025-03-11T00:00:00.000
20800,['A'],2025-03-12T00:00:00.000
22600,['A'],2025-03-13T00:00:00.000
28700,['A'],2025-03-14T00:00:00.000
34300,['A'],2025-03-15T00:00:00.000
49600,['A'],2025-03-16T00:00:00.000
70800,['A'],2025-03-17T00:00:00.000
81300,['A'],2025-03-18T00:00:00.000
81800,['A'],2025-03-19T00:00:00.000
68700,['A'],2025-03-20T00:00:00.000
67000,['A'],2025-03-21T00:00:00.000
77600,['A'],2025-03-22T00:00:00.000
85400,['A'],2025-03-23T00:00:00.000
84900,['A'],2025-03-24T00:00:00.000
77500,['A'],2025-03-25T00:00:00.000
69200,['A'],2025-03-26T00:00:00.000
67400,['A'],2025-03-27T00:00:00.000
67000,['A'],2025-03-28T00:00:00.000
70000,['A'],2025-03-29T00:00:00.000
67700,['A'],2025-03-30T00:00:00.000
64000,['A'],2025-03-31T00:00:00.000
62500,['A'],2025-04-01T00:00:00.000
57300,['A'],2025-04-02T00:00:00.000
51400,['A'],2025-04-03T00:00:00.000
45600,['A'],2025-04-04T00:00:00.000
40200,['A'],2025-04-05T00:00:00.000
37000,['A'],2025-04-06T00:00:00.000
37700,['A'],2025-04-07T00:00:00.000
42900,['A'],2025-04-08T00:00:00.000
45500,['A'],2025-04-09T00:00:00.000
46300,['A'],2025-04-10T00:00:00.000
44000,['A'],2025-04-11T00:00:00.000
40700,['A'],2025-04-12T00:00:00.000
37500,['A'],2025-04-13T00:00:00.000
34200,['A'],2025-04-14T00:00:00.000
31200,['A'],2025-04-15T00:00:00.000
28900,['A'],2025-04-16T00:00:00.000
27000,['A'],2025-04-17T00:00:00.000
24800,['A'],2025-04-18T00:00:00.000
22500,['A'],2025-04-19T00:00:00.000
21300,['A'],2025-04-20T00:00:00.000
20600,['A'],2025-04-21T00:00:00.000
19700,['A'],2025-04-22T00:00:00.000
19000,['A'],2025-04-23T00:00:00.000
18100,['A'],2025-04-24T00:00:00.000
17500,['A'],2025-04-25T00:00:00.000
17200,['A'],2025-04-26T00:00:00.000
17500,['A'],2025-04-27T00:00:00.000
17300,['A'],2025-04-28T00:00:00.000
17100,['A'],2025-04-29T00:00:00.000
16800,['A'],2025-04-30T00:00:00.000
16700,['A'],2025-05-01T00:00:00.000
16200,['A'],2025-05-02T00:00:00.000
15400,['A'],2025-05-03T00:00:00.000
14600,['A'],2025-05-04T00:00:00.000
14500,['A'],2025-05-05T00:00:00.000
14400,['A'],2025-05-06T00:00:00.000
13800,['A'],2025-05-07T00:00:00.000
13300,['A'],2025-05-08T00:00:00.000
13500,['A'],2025-05-09T00:00:00.000
13400,['A'],2025-05-10T00:00:00.000
13300,['A'],2025-05-11T00:00:00.000
13200,['A'],2025-05-12T00:00:00.000
13400,['A'],2025-05-13T00:00:00.000
13800,['A'],2025-05-14T00:00:00.000
13600,['A'],2025-05-15T00:00:00.000
13800,['A'],2025-05-16T00:00:00.000
13600,['A'],2025-05-17T00:00:00.000
13500,['A'],2025-05-18T00:00:00.000
13800,['A'],2025-05-19T00:00:00.000
14000,['A'],2025-05-20T00:00:00.000
14400,['A'],2025-05-21T00:00:00.000
14300,['A'],2025-05-22T00:00:00.000
13800,['A'],2025-05-23T00:00:00.000
13400,['A'],2025-05-24T00:00:00.000
13100,['A'],2025-05-25T00:00:00.000
13000,['A'],2025-05-26T00:00:00.000
12800,['A'],2025-05-27T00:00:00.000
12400,['A'],2025-05-28T00:00:00.000
11900,['A'],2025-05-29T00:00:00.000
11700,['A'],2025-05-30T00:00:00.000
11300,['A'],2025-05-31T00:00:00.000
11000,['A'],2025-06-01T00:00:00.000
10600,['A'],2025-06-02T00:00:00.000
10200,['A'],2025-06-03T00:00:00.000
10100,['A'],2025-06-04T00:00:00.000
9960,['A'],2025-06-05T00:00:00.000
9770,['A'],2025-06-06T00:00:00.000
9760,['A'],2025-06-07T00:00:00.000
9310,['A'],2025-06-08T00:00:00.000
8840,['A'],2025-06-09T00:00:00.000
8190,['A'],2025-06-10T00:00:00.000
7880,['A'],2025-06-11T00:00:00.000
7680,['A'],2025-06-12T00:00:00.000
7360,['A'],2025-06-13T00:00:00.000
7340,['A'],2025-06-14T00:00:00.000
7380,['A'],2025-06-15T00:00:00.000
7540,['A'],2025-06-16T00:00:00.000
7340,['A'],2025-06-17T00:00:00.000
7460,['A'],2025-06-18T00:00:00.000
7130,['A'],2025-06-19T00:00:00.000
7130,['A'],2025-06-20T00:00:00.000
7320,['A'],2025-06-21T00:00:00.000
8240,['A'],2025-06-22T00:00:00.000
9120,['A'],2025-06-23T00:00:00.000
8910,['A'],2025-06-24T00:00:00.000
8200,['A'],2025-06-25T00:00:00.000
7600,['A'],2025-06-26T00:00:00.000
7350,['A'],2025-06-27T00:00:00.000
7360,['A'],2025-06-28T00:00:00.000
7460,['A'],2025-06-29T00:00:00.000
7280,['A'],2025-06-30T00:00:00.000
7260,['A'],2025-07-01T00:00:00.000
7110,['A'],2025-07-02T00:00:00.000
7000,['A'],2025-07-03T00:00:00.000
6870,['A'],2025-07-04T00:00:00.000
6950,['A'],2025-07-05T00:00:00.000
7020,['A'],2025-07-06T00:00:00.000
7000,['A'],2025-07-07T00:00:00.000
7380,['A'],2025-07-08T00:00:00.000
6590,['A'],2025-07-09T00:00:00.000
6580,['A'],2025-07-10T00:00:00.000
6700,['A'],2025-07-11T00:00:00.000
6670,['A'],2025-07-12T00:00:00.000
6630,['A'],2025-07-13T00:00:00.000
6530,['A'],2025-07-14T00:00:00.000
6450,['A'],2025-07-15T00:00:00.000
6370,['A'],2025-07-16T00:00:00.000
6270,['A'],2025-07-17T00:00:00.000
6220,['A'],2025-07-18T00:00:00.000
6330,['A'],2025-07-19T00:00:00.000
6300,['A'],2025-07-20T00:00:00.000
6420,['A'],2025-07-21T00:00:00.000
6490,['A'],2025-07-22T00:00:00.000
6520,['A'],2025-07-23T00:00:00.000
6430,['A'],2025-07-24T00:00:00.000
6480,['A'],2025-07-25T00:00:00.000
6350,['A'],2025-07-26T00:00:00.000
6500,['A'],2025-07-27T00:00:00.000
6260,['A'],2025-07-28T00:00:00.000
6360,['A'],2025-07-29T00:00:00.000
6210,['A'],2025-07-30T00:00:00.000
6320,['A'],2025-07-31T00:00:00.000
6320,['A'],2025-08-01T00:00:00.000
6230,['A'],2025-08-02T00:00:00.000
6230,['A'],2025-08-03T00:00:00.000
6300,['A'],2025-08-04T00:00:00.000
6370,['A'],2025-08-05T00:00:00.000
6410,['A'],2025-08-06T00:00:00.000
6380,['A'],2025-08-07T00:00:00.000
6540,['A'],2025-08-08T00:00:00.000
6510,['A'],2025-08-09T00:00:00.000
6610,['A'],2025-08-10T00:00:00.000
6500,['A'],2025-08-11T00:00:00.000
6380,['A'],2025-08-12T00:00:00.000
6270,['A'],2025-08-13T00:00:00.000
6220,['A'],2025-08-14T00:00:00.000
6330,['A'],2025-08-15T00:00:00.000
6200,['A'],2025-08-16T00:00:00.000
6500,['A'],2025-08-17T00:00:00.000
6530,['A'],2025-08-18T00:00:00.000
6550,['A'],2025-08-19T00:00:00.000
6410,['A'],2025-08-20T00:00:00.000
6410,['A'],2025-08-21T00:00:00.000
6410,['A'],2025-08-22T00:00:00.000
6660,['A'],2025-08-23T00:00:00.000
6790,['A'],2025-08-24T00:00:00.000
6810,['A'],2025-08-25T00:00:00.000
6770,['A'],2025-08-26T00:00:00.000
6690,['A'],2025-08-27T00:00:00.000
6630,['A'],2025-08-28T00:00:00.000
6640,['A'],2025-08-29T00:00:00.000
6520,['A'],2025-08-30T00:00:00.000
6740,['A'],2025-08-31T00:00:00.000
6650,['A'],2025-09-01T00:00:00.000
7200,['A'],2025-09-02T00:00:00.000
6620,['A'],2025-09-03T00:00:00.000
7000,['A'],2025-09-04T00:00:00.000
7480,['A'],2025-09-05T00:00:00.000
7420,['A'],2025-09-06T00:00:00.000
7530,['A'],2025-09-07T00:00:00.000
7370,['A'],2025-09-08T00:00:00.000
7240,['A'],2025-09-09T00:00:00.000
7350,['A'],2025-09-10T00:00:00.000
7260,['A'],2025-09-11T00:00:00.000
7340,['A'],2025-09-12T00:00:00.000
7380,['A'],2025-09-13T00:00:00.000
7680,['A'],2025-09-14T00:00:00.000
7530,['A'],2025-09-15T00:00:00.000
7690,['A'],2025-09-16T00:00:00.000
7630,['A'],2025-09-17T00:00:00.000
7380,['A'],2025-09-18T00:00:00.000
7700,['A'],2025-09-19T00:00:00.000
7940,['A'],2025-09-20T00:00:00.000
7780,['A'],2025-09-21T00:00:00.000
7770,['A'],2025-09-22T00:00:00.000
7780,['A'],2025-09-23T00:00:00.000
7810,['A'],2025-09-24T00:00:00.000
7740,['A'],2025-09-25T00:00:00.000
7550,['A'],2025-09-26T00:00:00.000
7760,['A'],2025-09-27T00:00:00.000
7650,['A'],2025-09-28T00:00:00.000
7850,['A'],2025-09-29T00:00:00.000
7960,['A'],2025-09-30T00:00:00.000
8180,['A'],2025-10-01T00:00:00.000
8340,['A'],2025-10-02T00:00:00.000
8790,['A'],2025-10-03T00:00:00.000
8680,['A'],2025-10-04T00:00:00.000
8450,['A'],2025-10-05T00:00:00.000
8240,['A'],2025-10-06T00:00:00.000
8290,['A'],2025-10-07T00:00:00.000
8540,['A'],2025-10-08T00:00:00.000
8610,['A'],2025-10-09T00:00:00.000
8900,['A'],2025-10-10T00:00:00.000
9000,['A'],2025-10-11T00:00:00.000
9380,['A'],2025-10-12T00:00:00.000
9780,['A'],2025-10-13T00:00:00.000
10600,['A'],2025-10-14T00:00:00.000
10400,['A'],2025-10-15T00:00:00.000
9790,['A'],2025-10-16T00:00:00.000
9530,['A'],2025-10-17T00:00:00.000
9300,['A'],2025-10-18T00:00:00.000
9470,['A'],2025-10-19T00:00:00.000
9420,['A'],2025-10-20T00:00:00.000
9770,['A'],2025-10-21T00:00:00.000
10600,['A'],2025-10-22T00:00:00.000
11400,['A'],2025-10-23T00:00:00.000
11500,['A'],2025-10-24T00:00:00.000
11900,['A'],2025-10-25T00:00:00.000
13800,['A'],2025-10-26T00:00:00.000
17300,['A'],2025-10-27T00:00:00.000
17100,['A'],2025-10-28T00:00:00.000
15800,['A'],2025-10-29T00:00:00.000
15400,['A'],2025-10-30T00:00:00.000
14700,['A'],2025-10-31T00:00:00.000
14300,['A'],2025-11-01T00:00:00.000
17100,['A'],2025-11-02T00:00:00.000
18700,['A'],2025-11-03T00:00:00.000
17700,['A'],2025-11-04T00:00:00.000
17600,['A'],2025-11-05T00:00:00.000
19300,['A'],2025-11-06T00:00:00.000
22500,['A'],2025-11-07T00:00:00.000
24200,['A'],2025-11-08T00:00:00.000
21900,['A'],2025-11-09T00:00:00.000
20100,['A'],2025-11-10T00:00:00.000
18400,['A'],2025-11-11T00:00:00.000
17100,['A'],2025-11-12T00:00:00.000
16000,['A'],2025-11-13T00:00:00.000
15300,['A'],2025-11-14T00:00:00.000
14300,['A'],2025-11-15T00:00:00.000
13400,['A'],2025-11-16T00:00:00.000
13000,['A'],2025-11-17T00:00:00.000
12700,['A'],2025-11-18T00:00:00.000
12100,['A'],2025-11-19T00:00:00.000
11800,['A'],2025-11-20T00:00:00.000
11100,['A'],2025-11-21T00:00:00.000
11000,['A'],2025-11-22T00:00:00.000
11100,['A'],2025-11-23T00:00:00.000
11100,['A'],2025-11-24T00:00:00.000
11500,['A'],2025-11-25T00:00:00.000
11900,['A'],2025-11-26T00:00:00.000
13500,['A'],2025-11-27T00:00:00.000
15200,['A'],2025-11-28T00:00:00.000
16200,['A'],2025-11-29T00:00:00.000
15800,['A'],2025-11-30T00:00:00.000
14100,['A'],2025-12-01T00:00:00.000
12800,['A'],2025-12-02T00:00:00.000
11700,['A'],2025-12-03T00:00:00.000
10700,['A'],2025-12-04T00:00:00.000
10500,['A'],2025-12-05T00:00:00.000
17900,['A'],2025-12-06T00:00:00.000
27100,['A'],2025-12-07T00:00:00.000
27400,['A'],2025-12-08T00:00:00.000
36800,['A'],2025-12-09T00:00:00.000
62200,['A'],2025-12-10T00:00:00.000
68900,['A'],2025-12-11T00:00:00.000
58400,['A'],2025-12-12T00:00:00.000
45100,['A'],2025-12-13T00:00:00.000
34500,['A'],2025-12-14T00:00:00.000
30100,['A'],2025-12-15T00:00:00.000
30300,['A'],2025-12-16T00:00:00.000
32500,['A'],2025-12-17T00:00:00.000
40800,['A'],2025-12-18T00:00:00.000
70400,['A'],2025-12-19T00:00:00.000
104000,['A'],2025-12-20T00:00:00.000
116000,['A'],2025-12-21T00:00:00.000
102000,['A'],2025-12-22T00:00:00.000
79800,['A'],2025-12-23T00:00:00.000
67400,['A'],2025-12-24T00:00:00.000
61100,['A'],2025-12-25T00:00:00.000
52500,['A'],2025-12-26T00:00:00.000
46900,['A'],2025-12-27T00:00:00.000
43400,['A'],2025-12-28T00:00:00.000
40800,['A'],2025-12-29T00:00:00.000
38400,['A'],2025-12-30T00:00:00.000
35800,['A'],2025-12-31T00:00:00.000
33700,['A'],2026-01-01T00:00:00.000
32000,['A'],2026-01-02T00:00:00.000
32200,['A'],2026-01-03T00:00:00.000
32100,['A'],2026-01-04T00:00:00.000
38800,['A'],2026-01-05T00:00:00.000
42400,['A'],2026-01-06T00:00:00.000
45400,['A'],2026-01-07T00:00:00.000
53700,['A'],2026-01-08T00:00:00.000
55100,['A'],2026-01-09T00:00:00.000
50700,['A'],2026-01-10T00:00:00.000
45500,['A'],2026-01-11T00:00:00.000
41200,['A'],2026-01-12T00:00:00.000
37100,['A'],2026-01-13T00:00:00.000
32700,['A'],2026-01-14T00:00:00.000
29900,['A'],2026-01-15T00:00:00.000
27900,['A'],2026-01-16T00:00:00.000
26000,['A'],2026-01-17T00:00:00.000
23500,['A'],2026-01-18T00:00:00.000
21800,['A'],2026-01-19T00:00:00.000
20400,['A'],2026-01-20T00:00:00.000
19100,['A'],2026-01-21T00:00:00.000
17800,['A'],2026-01-22T00:00:00.000
16400,['A'],2026-01-23T00:00:00.000
15500,['A'],2026-01-24T00:00:00.000
14800,['A'],2026-01-25T00:00:00.000
14300,['P'],2026-01-26T00:00:00.000
14000,['P'],2026-01-27T00:00:00.000
13700,['P'],2026-01-28T00:00:00.000
13500,['P'],2026-01-29T00:00:00.000
13300,['P'],2026-01-30T00:00:00.000
13000,['P'],2026-01-31T00:00:00.000
13200,['P'],2026-02-01T00:00:00.000
13300,['P'],2026-02-02T00:00:00.000
12900,['P'],2026-02-03T00:00:00.000
12300,['P'],2026-02-04T00:00:00.000
11800,['P'],2026-02-05T00:00:00.000
11400,['P'],2026-02-06T00:00:00.000
11000,['P'],2026-02-07T00:00:00.000
11900,['P'],2026-02-08T00:00:00.000
19800,['P'],2026-02-09T00:00:00.000
30700,['P'],2026-02-10T00:00:00.000
27000,['P'],2026-02-11T00:00:00.000
21200,['P'],2026-02-12T00:00:00.000
18300,['P'],2026-02-13T00:00:00.000
16900,['P'],2026-02-14T00:00:00.000
16700,['P'],2026-02-15T00:00:00.000
17200,['P'],2026-02-16T00:00:00.000
19500,['P'],2026-02-17T00:00:00.000
22000,['P'],2026-02-18T00:00:00.000
20900,['P'],2026-02-19T00:00:00.000
19700,['P'],2026-02-20T00:00:00.000
18900,['P'],2026-02-21T00:00:00.000
19000,['P'],2026-02-22T00:00:00.000
22600,['P'],2026-02-23T00:00:00.000
49200,['P'],2026-02-24T00:00:00.000
71400,['P'],2026-02-25T00:00:00.000
72200,['P'],2026-02-26T00:00:00.000
59900,['P'],2026-02-27T00:00:00.000
44700,['P'],2026-02-28T00:00:00.000
36900,['P'],2026-03-01T00:00:00.000
32200,['P'],2026-03-02T00:00:00.000
29400,['P'],2026-03-03T00:00:00.000
27100,['P'],2026-03-04T00:00:00.000
26800,['P'],2026-03-05T00:00:00.000
29200,['P'],2026-03-06T00:00:00.000
28700,['P'],2026-03-07T00:00:00.000
28200,['P'],2026-03-08T00:00:00.000
27600,['P'],2026-03-09T00:00:00.000
26300,['P'],2026-03-10T00:00:00.000
25000,['P'],2026-03-11T00:00:00.000
32100,['P'],2026-03-12T00:00:00.000
49400,['P'],2026-03-13T00:00:00.000
53700,['P'],2026-03-14T00:00:00.000
61500,['P'],2026-03-15T00:00:00.000
55600,['P'],2026-03-16T00:00:00.000
44600,['P'],2026-03-17T00:00:00.000
36500,['P'],2026-03-18T00:00:00.000
31700,['P'],2026-03-19T00:00:00.000
27400,['P'],2026-03-20T00:00:00.000
24600,['P'],2026-03-21T00:00:00.000
22300,['P'],2026-03-22T00:00:00.000
20000,['P'],2026-03-23T00:00:00.000
18700,['P'],2026-03-24T00:00:00.000
18500,['P'],2026-03-25T00:00:00.000
19300,['P'],2026-03-26T00:00:00.000
18600,['P'],2026-03-27T00:00:00.000
17600,['P'],2026-03-28T00:00:00.000
16900,['P'],2026-03-29T00:00:00.000
16400,['P'],2026-03-30T00:00:00.000
15800,['P'],2026-03-31T00:00:00.000
15400,['P'],2026-04-01T00:00:00.000
16700,['P'],2026-04-02T00:00:00.000
19900,['P'],2026-04-03T00:00:00.000
20800,['P'],2026-04-04T00:00:00.000
19700,['P'],2026-04-05T00:00:00.000
18700,['P'],2026-04-06T00:00:00.000
17600,['P'],2026-04-07T00:00:00.000
16500,['P'],2026-04-08T00:00:00.000
15400,['P'],2026-04-09T00:00:00.000
14700,['P'],2026-04-10T00:00:00.000
14600,['P'],2026-04-11T00:00:00.000
16000,['P'],2026-04-12T00:00:00.000
18700,['P'],2026-04-13T00:00:00.000
19000,['P'],2026-04-14T00:00:00.000
19400,['P'],2026-04-15T00:00:00.000
25400,['P'],2026-04-16T00:00:00.000
28900,['P'],2026-04-17T00:00:00.000
25800,['P'],2026-04-18T00:00:00.000
23000,['P'],2026-04-19T00:00:00.000
21100,['P'],2026-04-20T00:00:00.000
19800,['P'],2026-04-21T00:00:00.000
19300,['P'],2026-04-22T00:00:00.000
18700,['P'],2026-04-23T00:00:00.000
18800,['P'],2026-04-24T00:00:00.000
18000,['P'],2026-04-25T00:00:00.000
16900,['P'],2026-04-26T00:00:00.000
16100,['P'],2026-04-27T00:00:00.000
15300,['P'],2026-04-28T00:00:00.000
14700,['P'],2026-04-29T00:00:00.000
14000,['P'],2026-04-30T00:00:00.000
13400,['P'],2026-05-01T00:00:00.000
12900,['P'],2026-05-02T00:00:00.000
12500,['P'],2026-05-03T00:00:00.000
12300,['P'],2026-05-04T00:00:00.000
12100,['P'],2026-05-05T00:00:00.000
11800,['P'],2026-05-06T00:00:00.000
11600,['P'],2026-05-07T00:00:00.000
11600,['P'],2026-05-08T00:00:00.000
11300,['P'],2026-05-09T00:00:00.000
11200,['P'],2026-05-10T00:00:00.000
11200,['P'],2026-05-11T00:00:00.000
11000,['P'],2026-05-12T00:00:00.000
10900,['P'],2026-05-13T00:00:00.000
10900,['P'],2026-05-14T00:00:00.000
10600,['P'],2026-05-15T00:00:00.000
10600,['P'],2026-05-16T00:00:00.000
10800,['P'],2026-05-17T00:00:00.000
11300,['P'],2026-05-18T00:00:00.000
11100,['P'],2026-05-19T00:00:00.000
10600,['P'],2026-05-20T00:00:00.000
10500,['P'],2026-05-21T00:00:00.000
10300,['P'],2026-05-22T00:00:00.000
10100,['P'],2026-05-23T00:00:00.000
10300,['P'],2026-05-24T00:00:00.000
10200,['P'],2026-05-25T00:00:00.000
10200,['P'],2026-05-26T00:00:00.000
10100,['P'],2026-05-27T00:00:00.000
10200,['P'],2026-05-28T00:00:00.000
9870,['P'],2026-05-29T00:00:00.000
9890,['P'],2026-05-30T00:00:00.000
9990,['P'],2026-05-31T00:00:00.000
9830,['P'],2026-06-01T00:00:00.000
